image_path,plate_text,conf,split
crops/train_0007ec829d_0.png,MNA3675,1.0,train
crops/train_0066d9ee76_0.png,BB3914,1.0,train
crops/train_008ff42256_0.png,AGK713,0.982,train
crops/train_00ef47e960_0.png,BRS1500,1.0,train
crops/train_00f72685ae_0.png,BBY780,0.909,train
crops/train_00ff947892_0.png,LEE3987,1.0,train
crops/train_0145745a62_0.png,LEB3300,1.0,train
crops/train_01cdd1c1cb_0.png,LEH1659,0.999,train
crops/train_0217759572_0.png,VX814,0.996,train
crops/train_023f12b166_0.png,AEJ353,0.999,train
crops/train_02908895a7_0.png,0901,0.373,train
crops/train_02a0e659b6_0.png,LRQ6400,1.0,train
crops/train_02e63892dd_0.png,BBP664,1.0,train
crops/train_02fa75529c_0.png,MNA2206,1.0,train
crops/train_030e68cdf8_0.png,LEH3236,0.987,train
crops/train_03581ad2a0_0.png,AHQ397,1.0,train
crops/train_03bb867d98_0.png,LRQ6400,1.0,train
crops/train_03c932db09_0.png,AFJ200,1.0,train
crops/train_049473c5aa_0.png,LE13091,0.901,train
crops/train_04e88990a0_0.png,TA642,1.0,train
crops/train_052c8315f7_0.png,MN599,0.996,train
crops/train_0644f2b7d4_0.png,BSJ143,1.0,train
crops/train_06952ab31b_0.png,MNS750,0.831,train
crops/train_06c3ea26f1_0.png,BRA195,1.0,train
crops/train_06da5cfaae_0.png,BFX019,1.0,train
crops/train_06ea79218b_0.png,LE3426A,0.999,train
crops/train_070a7a6dac_0.png,ABQ048,0.996,train
crops/train_079948bec5_0.png,AKN029,1.0,train
crops/train_079ae97b9a_0.png,LEH1659,0.977,train
crops/train_083d7802e8_0.png,LEF87781,0.977,train
crops/train_084fabfdba_0.png,BSJ143,1.0,train
crops/train_086a45f6a5_0.png,LEE9091,1.0,train
crops/train_0881b81a67_0.png,MND486,1.0,train
crops/train_0904e080f1_0.png,AC94,0.383,train
crops/train_0915639cd1_0.png,LEF8755,0.998,train
crops/train_098e71701b_0.png,AHQ397,1.0,train
crops/train_09a9e00517_0.png,U0889,0.405,train
crops/train_0a3d5ae53b_0.png,AEK623,1.0,train
crops/train_0a4f67fb13_0.png,MN3113,0.999,train
crops/train_0a65da0c81_0.png,ABO048,0.981,train
crops/train_0abb2257e0_0.png,ABQ048,0.999,train
crops/train_0ad6e88b70_0.png,AFJ200,1.0,train
crops/train_0b2a389566_0.png,FZ886,1.0,train
crops/train_0b71a56b89_0.png,LEE3987,1.0,train
crops/train_0b983b4388_0.png,LEH1655,0.93,train
crops/train_0bde3d9cc0_0.png,LWQ6266,1.0,train
crops/train_0bf67c46dc_0.png,BBA969,0.988,train
crops/train_0c2f047c0b_0.png,LEA7047,1.0,train
crops/train_0c51f605d4_0.png,LEH3291,1.0,train
crops/train_0c5835571a_0.png,BBA969,0.999,train
crops/train_0c7cb3e062_0.png,AUH808,1.0,train
crops/train_0c7e135c37_0.png,LEA5770,1.0,train
crops/train_0c7f9c1188_0.png,LEF87788,0.984,train
crops/train_0cb7c90fea_0.png,MLE4008,1.0,train
crops/train_0d4409d47a_0.png,LES6413,0.999,train
crops/train_0dbeff46e7_0.png,LE13091,0.998,train
crops/train_0dd9d67c17_0.png,BSJ143,1.0,train
crops/train_0df53de9d7_0.png,LEF8778,0.999,train
crops/train_0e021412fa_0.png,LE5822A,0.744,train
crops/train_0e0c438914_0.png,RN1119,0.994,train
crops/train_0e4031c9eb_0.png,LES5475,0.757,train
crops/train_0e71b15750_0.png,BZD756,1.0,train
crops/train_0e93b2d440_0.png,LED1550,0.9,train
crops/train_0ebadf9b43_0.png,RN119,0.999,train
crops/train_0f0495d1dc_0.png,MN1768,1.0,train
crops/train_0f2e461445_0.png,LEB4524,0.999,train
crops/train_0f33144ce4_0.png,019,0.742,train
crops/train_10074f35cb_0.png,AWM072,1.0,train
crops/train_1039c6d504_0.png,0A04,0.261,train
crops/train_10409db4a7_0.png,MLE4008,1.0,train
crops/train_10b1747e6d_0.png,ABQ048,1.0,train
crops/train_10fea45529_0.png,,0.991,train
crops/train_115977e1af_0.png,LEH3691,0.962,train
crops/train_116332c467_0.png,BBP664,1.0,train
crops/train_11681b9792_0.png,BBA969,1.0,train
crops/train_1176fd6f93_0.png,BEA324,1.0,train
crops/train_11878cae97_0.png,LEB3187,0.997,train
crops/train_1197ed0ac1_0.png,QK035,0.997,train
crops/train_11aef65e1c_0.png,SY1776,0.49,train
crops/train_11e2f3422b_0.png,ACZ853,1.0,train
crops/train_11f5d17e09_0.png,AUH808,1.0,train
crops/train_123f39d7aa_0.png,LWQ6266,1.0,train
crops/train_12704a18d9_0.png,MLN2791,1.0,train
crops/train_129dddb947_0.png,LEA7047,1.0,train
crops/train_12ac5dcad9_0.png,LEE3987,0.978,train
crops/train_12d09158c6_0.png,BF2963,1.0,train
crops/train_1303c5a05c_0.png,BBY780,0.917,train
crops/train_13e6ab7c86_0.png,BBP664,1.0,train
crops/train_13ef7ab4ad_0.png,LRR6650,1.0,train
crops/train_1408fb1fa0_0.png,LEC5112,0.999,train
crops/train_140aba09a5_0.png,RIV6070,1.0,train
crops/train_146a75e000_0.png,LEC7208,0.969,train
crops/train_14d0596102_0.png,LED1003,1.0,train
crops/train_14d426f770_0.png,BZD756,1.0,train
crops/train_1577b9812d_0.png,BSJ143,1.0,train
crops/train_15f2ae1463_0.png,AHT889,1.0,train
crops/train_15f490a61f_0.png,AHQ397,1.0,train
crops/train_161e8e3731_0.png,OK035,0.988,train
crops/train_165450ade0_0.png,IDJ3032,0.997,train
crops/train_1655bda71f_0.png,AEK623,1.0,train
crops/train_1659f5d990_0.png,RN1199,0.97,train
crops/train_1673cc358d_0.png,AEKC2,0.667,train
crops/train_168a535640_0.png,ABQ048,1.0,train
crops/train_169882f48e_0.png,LEC7419,0.952,train
crops/train_17064fa086_0.png,MNJ1065,0.932,train
crops/train_171e83ab02_0.png,LEE3987,1.0,train
crops/train_1731aeed8a_0.png,AEK623,1.0,train
crops/train_173f343123_0.png,LEJ1637,0.989,train
crops/train_17ae300d1c_0.png,LZO2288,0.969,train
crops/train_17dabe3aa8_0.png,AGK713,1.0,train
crops/train_1804858f06_0.png,BBV780,0.923,train
crops/train_18450043c8_0.png,LE13018,0.846,train
crops/train_18bcdc5f90_0.png,BEA324,1.0,train
crops/train_18d903ccd5_0.png,BRA1408,1.0,train
crops/train_19224ba443_0.png,MK419,0.999,train
crops/train_1926c47d9d_0.png,,0.998,train
crops/train_194dddda6a_0.png,LWQ6266,1.0,train
crops/train_19e9d81b25_0.png,KK623,0.711,train
crops/train_19f769b0c3_0.png,QK035,0.999,train
crops/train_19fea2449c_0.png,AEK623,1.0,train
crops/train_1a3f595b0d_0.png,AHT889,1.0,train
crops/train_1b03aaf7e7_0.png,RIV6070,1.0,train
crops/train_1b13e30983_0.png,AFJ200,0.999,train
crops/train_1b9baff4e3_0.png,AEK623,1.0,train
crops/train_1bf385784f_0.png,LEH1659,0.999,train
crops/train_1bf519043b_0.png,BGJ076,1.0,train
crops/train_1c5cd93f52_0.png,MND1325,0.994,train
crops/train_1c5fa2fd71_0.png,AHQ397,1.0,train
crops/train_1ca07c6895_0.png,MNF1602,0.999,train
crops/train_1d069cdeca_0.png,AUH808,1.0,train
crops/train_1d2c53e3d8_0.png,FZ886,1.0,train
crops/train_1d36cd3a94_0.png,AEJ353,0.999,train
crops/train_1d3e723045_0.png,LEH3291,0.995,train
crops/train_1d469a1e40_0.png,AEK623,1.0,train
crops/train_1d4c8410f5_0.png,BF373,1.0,train
crops/train_1d7532d63c_0.png,LRV8227,1.0,train
crops/train_1d835c71ce_0.png,ABQ048,0.999,train
crops/train_1db2034574_0.png,AGK713,0.996,train
crops/train_1dbbb8da09_0.png,BBP780,0.882,train
crops/train_1dbcaf048d_0.png,,1.0,train
crops/train_1dfcff4f4c_0.png,JJ457,0.931,train
crops/train_1e0648fa22_0.png,RN1119,0.986,train
crops/train_1e0a12ddf6_0.png,MNA3685,1.0,train
crops/train_1f21072f1d_0.png,AHT889,1.0,train
crops/train_1f5f81f8e8_0.png,QK035,0.997,train
crops/train_1f8edd65d6_0.png,BBH780,0.903,train
crops/train_204e268e65_0.png,MN2262,0.999,train
crops/train_20b64ce59d_0.png,VU794,1.0,train
crops/train_20d9498fc0_0.png,LEH3291,1.0,train
crops/train_21152ada7d_0.png,BBP780,0.928,train
crops/train_21825052a3_0.png,LEH3291,1.0,train
crops/train_21833aba3d_0.png,LEF8778,0.999,train
crops/train_21addf39f4_0.png,MN1367,1.0,train
crops/train_21d461ca03_0.png,MNF281,1.0,train
crops/train_21ff7df671_0.png,BEA324,1.0,train
crops/train_22108bb416_0.png,LE13098,0.948,train
crops/train_2267f133f0_0.png,ABQ048,0.942,train
crops/train_226d1caab7_0.png,LFK623,0.574,train
crops/train_228c94de4d_0.png,BZD756,1.0,train
crops/train_229163fb33_0.png,AKN029,1.0,train
crops/train_232a41c728_0.png,LEH1244,0.705,train
crops/train_236e13bca4_0.png,AUH808,1.0,train
crops/train_23c5300187_0.png,SY976,0.837,train
crops/train_23d33d2de9_0.png,BFX019,0.878,train
crops/train_23ff082bb1_0.png,LZB3001,1.0,train
crops/train_23ffdd0af7_0.png,LEF8778,0.998,train
crops/train_2467824d11_0.png,RIT1476,0.976,train
crops/train_24683ad17b_0.png,RN119,0.998,train
crops/train_2470c94dea_0.png,BEA324,1.0,train
crops/train_24b2435d5d_0.png,LEH3236,0.998,train
crops/train_24de22ce83_0.png,AFJ200,1.0,train
crops/train_24f5c9e83a_0.png,BZD756,1.0,train
crops/train_25778e4b05_0.png,KW99,1.0,train
crops/train_25afa8b1f7_0.png,LEA5989AA,0.969,train
crops/train_261ca5e1f9_0.png,LEH6314,1.0,train
crops/train_26233f58ea_0.png,A,0.727,train
crops/train_2647d30ed9_0.png,BBP664,1.0,train
crops/train_2655447877_0.png,LEA7047,1.0,train
crops/train_265d908f96_0.png,LED7305,1.0,train
crops/train_26607f6893_0.png,LEA7047,1.0,train
crops/train_2664dc385a_0.png,RN119,0.988,train
crops/train_266b74402e_0.png,LEJ15337,0.803,train
crops/train_267dcf2f48_0.png,LET2817,0.962,train
crops/train_270c7b15c9_0.png,RN119,0.999,train
crops/train_270fcdd454_0.png,LEA5219,1.0,train
crops/train_27163e9474_0.png,LEB4524,1.0,train
crops/train_27ced65921_0.png,BFX019,1.0,train
crops/train_2808da9300_0.png,LEH1355,0.796,train
crops/train_283c6d545d_0.png,AUH808,1.0,train
crops/train_2873c0621c_0.png,RN11199,0.888,train
crops/train_28c800a09f_0.png,BBA969,1.0,train
crops/train_291eef49d7_0.png,BZD756,1.0,train
crops/train_2940f1ebe5_0.png,AGK713,1.0,train
crops/train_29440e8d04_0.png,FDA1966,1.0,train
crops/train_299157f251_0.png,AEK623,1.0,train
crops/train_29f1c33544_0.png,LEA7047,1.0,train
crops/train_2a0b988844_0.png,AGK713,1.0,train
crops/train_2a307917d2_0.png,JJ162,0.87,train
crops/train_2a3ed0db0a_0.png,MN720,1.0,train
crops/train_2a60926c88_0.png,AUH808,1.0,train
crops/train_2a853ebc39_0.png,APT884,1.0,train
crops/train_2a85618454_0.png,4A,0.114,train
crops/train_2ab8d72d79_0.png,LE44,0.458,train
crops/train_2af4ae9784_0.png,RN119,0.998,train
crops/train_2b519be386_0.png,ABQ048,1.0,train
crops/train_2b6d6e6b36_0.png,LEH1659,0.966,train
crops/train_2b9b1f8f73_0.png,AKN029,1.0,train
crops/train_2bcdecfc74_0.png,RN1199,0.981,train
crops/train_2bd934235a_0.png,LED7305,1.0,train
crops/train_2c0c071b80_0.png,V0,0.997,train
crops/train_2c27e25720_0.png,BBP664,1.0,train
crops/train_2c3a8cb0d1_0.png,RN11999,0.765,train
crops/train_2c3d3f48f4_0.png,,1.0,train
crops/train_2c4a8dce37_0.png,QK035,0.994,train
crops/train_2c58499206_0.png,BSJ143,1.0,train
crops/train_2c9c60db73_0.png,AUH808,1.0,train
crops/train_2cbf59cd5f_0.png,BF2963,1.0,train
crops/train_2cc07d778a_0.png,LEA3334A,0.999,train
crops/train_2cf325460f_0.png,MNA5645,1.0,train
crops/train_2d1f195129_0.png,LEC1208,0.918,train
crops/train_2d29b8e15c_0.png,AGK713,1.0,train
crops/train_2d52e3bdbd_0.png,LWQ6266,0.999,train
crops/train_2d584d3858_0.png,LEA7047,1.0,train
crops/train_2d7130a249_0.png,LEC7212,1.0,train
crops/train_2db84eb928_0.png,AGK713,1.0,train
crops/train_2e05673a9d_0.png,LEB1766,0.866,train
crops/train_2e3c9d1b4e_0.png,RN1119,0.92,train
crops/train_2e66cc23df_0.png,BSJ143,1.0,train
crops/train_2e795fd74e_0.png,AHQ397,1.0,train
crops/train_2ec6a3337e_0.png,AHT889,1.0,train
crops/train_2eeb2fdbac_0.png,LEC1487,1.0,train
crops/train_2f18d30112_0.png,BBR780,0.886,train
crops/train_2f1cd80462_0.png,AEK623,1.0,train
crops/train_2f9da7b8cb_0.png,LEA7047,1.0,train
crops/train_2fa55ac95d_0.png,LB7592,0.931,train
crops/train_2fbc8609ea_0.png,AGK713,1.0,train
crops/train_30045dd386_0.png,LE1051,1.0,train
crops/train_301ab058f1_0.png,AGK713,1.0,train
crops/train_305298c680_0.png,BBA969,0.999,train
crops/train_305ec27cd8_0.png,,0.924,train
crops/train_30758ef296_0.png,BBA969,0.998,train
crops/train_30a2d78baa_0.png,QK035,0.991,train
crops/train_30aef74d6a_0.png,BBA969,0.999,train
crops/train_30c0ae2163_0.png,AHT889,1.0,train
crops/train_310729a127_0.png,MNL8185,1.0,train
crops/train_3179c6ce01_0.png,AFJ200,1.0,train
crops/train_31a52d5772_0.png,LEA9300,1.0,train
crops/train_31ad978811_0.png,LEE3987,1.0,train
crops/train_31b101fe32_0.png,LEH13659,0.874,train
crops/train_31b783f081_0.png,AEK623,1.0,train
crops/train_320980be28_0.png,ABQ048,0.996,train
crops/train_3223dbd2d3_0.png,LEF1406,0.993,train
crops/train_3251565bbc_0.png,BEA324,1.0,train
crops/train_3277ef5451_0.png,AFJ200,1.0,train
crops/train_32aadf6631_0.png,MNF281,1.0,train
crops/train_32c89a6142_0.png,LEA7047,1.0,train
crops/train_33181dafe2_0.png,SLF7464,1.0,train
crops/train_3343e847c7_0.png,AE74,0.387,train
crops/train_3348755bbe_0.png,LEH13659,0.933,train
crops/train_3370713021_0.png,AEK623,1.0,train
crops/train_339045fbf8_0.png,AKN029,1.0,train
crops/train_339e6b7d90_0.png,BFM731,1.0,train
crops/train_33f9acc03d_0.png,,0.869,train
crops/train_340ddb99b8_0.png,BBP664,1.0,train
crops/train_342eb24e41_0.png,AZF292,1.0,train
crops/train_34568a3656_0.png,LEA2208,0.999,train
crops/train_3459e1d483_0.png,AKN029,1.0,train
crops/train_34dc75e7ab_0.png,LED5620,1.0,train
crops/train_34e2f69999_0.png,AHT889,1.0,train
crops/train_34fad0d073_0.png,BBA969,0.98,train
crops/train_3514c8e72d_0.png,AEK623,1.0,train
crops/train_3524e38d80_0.png,BFX019,1.0,train
crops/train_3539912490_0.png,MNB1419,1.0,train
crops/train_35abcff8cf_0.png,MNA2206,1.0,train
crops/train_35d27d6b22_0.png,AHT889,1.0,train
crops/train_35fd587d4d_0.png,BBY780,0.987,train
crops/train_3603273e7d_0.png,LET2817,1.0,train
crops/train_3633993f46_0.png,AEK623,1.0,train
crops/train_365414bbcd_0.png,LEH3291,0.996,train
crops/train_365fc9e91f_0.png,RN119,0.999,train
crops/train_367b24c600_0.png,BFX019,1.0,train
crops/train_369c824b75_0.png,MNA2993,1.0,train
crops/train_36b922d73a_0.png,BZD756,1.0,train
crops/train_36bee74dd1_0.png,BBP664,1.0,train
crops/train_371a1ca098_0.png,LE1309,1.0,train
crops/train_3732b379e0_0.png,MNA3415,1.0,train
crops/train_37531b02d7_0.png,LEA9300,1.0,train
crops/train_376321f173_0.png,AFJ200,1.0,train
crops/train_37ea16a94a_0.png,BBP664,1.0,train
crops/train_3816589dd5_0.png,AEJ353,0.96,train
crops/train_3836b073ee_0.png,BBA969,0.999,train
crops/train_3891b88a71_0.png,AUH808,1.0,train
crops/train_3891e1d37c_0.png,LEH1659,1.0,train
crops/train_38c451d947_0.png,BBH780,0.973,train
crops/train_38c91354e3_0.png,AKN029,1.0,train
crops/train_38f1595de4_0.png,LWQ6266,0.997,train
crops/train_38f2274124_0.png,QK035,0.999,train
crops/train_396a5c8fd2_0.png,AEJ353,0.999,train
crops/train_3a53fad471_0.png,AEJ353,1.0,train
crops/train_3a6eccd6e5_0.png,LEC566,0.999,train
crops/train_3ab1dedd7b_0.png,LEE3987,1.0,train
crops/train_3ac6136e77_0.png,ADS654,0.999,train
crops/train_3ae26ee70c_0.png,VR287,0.999,train
crops/train_3afc2533f9_0.png,BBY780,0.985,train
crops/train_3b6e207253_0.png,LE18091,0.945,train
crops/train_3b7e230a06_0.png,LEH3743,0.99,train
crops/train_3b8ccc5978_0.png,BBV780,0.886,train
crops/train_3b9af6d700_0.png,AHQ397,1.0,train
crops/train_3bae1cc897_0.png,MND17600,0.984,train
crops/train_3bb0a28877_0.png,BBP664,1.0,train
crops/train_3bc96b81c5_0.png,MN484,1.0,train
crops/train_3be7016d5f_0.png,LEF1878,0.926,train
crops/train_3c002fdc1d_0.png,AGK713,1.0,train
crops/train_3c14588b46_0.png,LEF8778,0.999,train
crops/train_3c85b4ced6_0.png,BEA324,1.0,train
crops/train_3c9e5f2b3e_0.png,AFJ566,0.671,train
crops/train_3ce6338e9c_0.png,LZO2288,0.994,train
crops/train_3d4d919bc6_0.png,AEJ353,1.0,train
crops/train_3d83d8db14_0.png,MND1357,0.964,train
crops/train_3d8e469f9d_0.png,IDJ3032,0.943,train
crops/train_3d9669e137_0.png,BSJ143,1.0,train
crops/train_3dd275498e_0.png,LES1443,0.66,train
crops/train_3de64efd3c_0.png,AHQ397,1.0,train
crops/train_3e0acc2329_0.png,LEE3987,1.0,train
crops/train_3e0afeae48_0.png,LEB5040,1.0,train
crops/train_3e4878be86_0.png,RIS1491,0.982,train
crops/train_3e650ab0a1_0.png,RN119,0.998,train
crops/train_3ea2d3d999_0.png,0,0.498,train
crops/train_3ecfe1d7b9_0.png,FSA5750,1.0,train
crops/train_3f6c10abff_0.png,NII302,0.928,train
crops/train_3f759d1e09_0.png,MNA2993,1.0,train
crops/train_400ea143a1_0.png,AHT889,1.0,train
crops/train_4029a107dc_0.png,MNA2206,1.0,train
crops/train_4038a5ea79_0.png,MN32155,0.905,train
crops/train_4050d8d2ab_0.png,LEA1799,0.857,train
crops/train_406115ccbf_0.png,AKN029,1.0,train
crops/train_406ce065e1_0.png,LEH1659,0.999,train
crops/train_40cd0a1ba7_0.png,LRQ8247,0.98,train
crops/train_40e2901162_0.png,AHQ397,1.0,train
crops/train_410be92a4f_0.png,LED2099,0.999,train
crops/train_4128ad05a2_0.png,RN119,0.996,train
crops/train_414ed65545_0.png,LZ4897,1.0,train
crops/train_4157f4748b_0.png,QK035,0.999,train
crops/train_417b095d3b_0.png,BFX019,1.0,train
crops/train_42974df112_0.png,LEB3277,0.999,train
crops/train_429b43ff62_0.png,LEF3778,0.897,train
crops/train_4303712402_0.png,ABQ048,0.999,train
crops/train_430b8d1a0e_0.png,LE13091,0.986,train
crops/train_433d98218b_0.png,KW99,0.999,train
crops/train_4346e6588e_0.png,AEJ353,0.999,train
crops/train_4394c55997_0.png,LEA7047,1.0,train
crops/train_43b2193c2f_0.png,RIV6070,1.0,train
crops/train_43debfb318_0.png,ARD270,1.0,train
crops/train_43f8da57ff_0.png,AEK623,1.0,train
crops/train_44102f9bd6_0.png,BBY780,0.974,train
crops/train_4443e82587_0.png,RIY4787,0.991,train
crops/train_4443e82587_1.png,LOJ3032,0.66,train
crops/train_4453659251_0.png,LEF8778,0.999,train
crops/train_4470b65512_0.png,AHT889,1.0,train
crops/train_448292d1ac_0.png,MN4480,0.912,train
crops/train_4484cdc87e_0.png,AHQ397,1.0,train
crops/train_44e0dd4db7_0.png,AEJ353,0.998,train
crops/train_44e3ab4815_0.png,LWQ6266,1.0,train
crops/train_4510bcbc36_0.png,RN119,0.999,train
crops/train_45a64f8063_0.png,LEH6314,1.0,train
crops/train_45b88fbc13_0.png,LEE3987,1.0,train
crops/train_45b9a46d6e_0.png,MN199,0.998,train
crops/train_45ea1c143e_0.png,LEE3987,1.0,train
crops/train_45ea348bdb_0.png,MND1690,0.999,train
crops/train_4608bb8d7f_0.png,BBA969,1.0,train
crops/train_460f03776e_0.png,FSA5750,1.0,train
crops/train_461a53a206_0.png,ACD946,1.0,train
crops/train_4658553bd5_0.png,BBP780,0.905,train
crops/train_465dd9ed62_0.png,LEH1659,0.993,train
crops/train_466e308649_0.png,AEK623,1.0,train
crops/train_4683e46c8b_0.png,BSJ143,1.0,train
crops/train_469db23f6e_0.png,LEB5040,1.0,train
crops/train_46f50de145_0.png,AAJ224,0.683,train
crops/train_46f92baf43_0.png,ABQ048,1.0,train
crops/train_473cbfc02e_0.png,LEE6907,1.0,train
crops/train_474b328b55_0.png,LEE3987,1.0,train
crops/train_4759391f33_0.png,LWQ6266,0.999,train
crops/train_47b0ae028f_0.png,BSJ143,1.0,train
crops/train_47b34c2621_0.png,RIY4787,1.0,train
crops/train_47c309405f_0.png,LEE5855,1.0,train
crops/train_487314026b_0.png,BSJ143,1.0,train
crops/train_48c8ecea52_0.png,LEE1690,0.889,train
crops/train_48d936632f_0.png,MNE1103,1.0,train
crops/train_48dc4148f0_0.png,1LV4237,0.713,train
crops/train_48dc4148f0_1.png,,0.288,train
crops/train_48dc4148f0_2.png,AUU294,1.0,train
crops/train_48e57245b4_0.png,LEH16599,0.979,train
crops/train_490aae4f0b_0.png,BRS1500,1.0,train
crops/train_497280a334_0.png,AEH344,1.0,train
crops/train_49a4cc92b6_0.png,LE6223,1.0,train
crops/train_49b300c1b4_0.png,LEA7047,1.0,train
crops/train_49dae99d06_0.png,AWM072,0.997,train
crops/train_4a48754eb4_0.png,AHQ397,1.0,train
crops/train_4aaa059d3d_0.png,BBP664,1.0,train
crops/train_4ade0982bb_0.png,BRA1408,1.0,train
crops/train_4af4b25fac_0.png,LEF8778,0.999,train
crops/train_4b08b6a2d9_0.png,AHT889,1.0,train
crops/train_4b17bf2909_0.png,LED2099,1.0,train
crops/train_4b27e67801_0.png,EHF8055,0.888,train
crops/train_4b4ad7aae3_0.png,LOR7818,0.921,train
crops/train_4b7c7e0539_0.png,AHQ307,0.899,train
crops/train_4bac34cc10_0.png,OK035,0.962,train
crops/train_4c29c80709_0.png,RI8866U,0.573,train
crops/train_4c33ae08d8_0.png,BEA324,0.998,train
crops/train_4ca346f482_0.png,0099,0.769,train
crops/train_4cd7e07137_0.png,VX814,1.0,train
crops/train_4ddc578755_0.png,LED2835,0.987,train
crops/train_4df4e2face_0.png,BEA324,1.0,train
crops/train_4e1c6172b5_0.png,LEH5066,1.0,train
crops/train_4ebe0eda41_0.png,AEK623,0.996,train
crops/train_4ef011c98b_0.png,AGK713,1.0,train
crops/train_4f2e31f459_0.png,BBA969,0.991,train
crops/train_4f7c25dc71_0.png,QK035,0.926,train
crops/train_4f903da8e1_0.png,ACZ853,1.0,train
crops/train_4fdbdb4a20_0.png,RIS2355,1.0,train
crops/train_4fee1b4a93_0.png,AVK062,0.999,train
crops/train_4ffcec19d3_0.png,BZD756,1.0,train
crops/train_50921f5303_0.png,LEE3987,1.0,train
crops/train_50a11a3b96_0.png,LED2112,1.0,train
crops/train_50fb8f3b3b_0.png,LD296,1.0,train
crops/train_50fb8f3b3b_1.png,,0.997,train
crops/train_5107521eaf_0.png,LEF1981,1.0,train
crops/train_5108f6e8d3_0.png,BZD756,1.0,train
crops/train_5128aa2768_0.png,LEB3766,0.95,train
crops/train_512c0a4f4d_0.png,AGK713,1.0,train
crops/train_515e95ef3c_0.png,AEK623,1.0,train
crops/train_517fb389c9_0.png,MNA3685,1.0,train
crops/train_51b4263e76_0.png,MNA3116,0.917,train
crops/train_526cda4c04_0.png,8,0.904,train
crops/train_527cd328af_0.png,RNE5556,1.0,train
crops/train_5306e5d1d6_0.png,AMU862,1.0,train
crops/train_53321c9fbd_0.png,BEA324,1.0,train
crops/train_5349b4b562_0.png,BBP664,1.0,train
crops/train_536f77afc9_0.png,LEA2208,1.0,train
crops/train_53b85f7e7a_0.png,LED1330,0.967,train
crops/train_53b8ae3f79_0.png,BEA324,1.0,train
crops/train_53f70cf544_0.png,BSJ143,1.0,train
crops/train_5455d5fcb4_0.png,BFX019,1.0,train
crops/train_54b95b0a8c_0.png,LEA7047,0.996,train
crops/train_54cd4ae9b3_0.png,LEI7431,0.872,train
crops/train_54d3a8129f_0.png,,1.0,train
crops/train_54f0f0550a_0.png,BZD756,1.0,train
crops/train_5520fb6184_0.png,RIP1096,0.998,train
crops/train_552c077c9a_0.png,AFB769,1.0,train
crops/train_55513c7b28_0.png,AW694,1.0,train
crops/train_555958b467_0.png,LEA8999,0.92,train
crops/train_555c8eb564_0.png,MLH8882,1.0,train
crops/train_5573429641_0.png,MND4664,0.958,train
crops/train_55794afd08_0.png,BZD756,1.0,train
crops/train_5584a6019a_0.png,LOP7818,0.87,train
crops/train_55e5ab3094_0.png,AFJ200,1.0,train
crops/train_56083fea62_0.png,MN44400,0.799,train
crops/train_5622a69cf2_0.png,LEH1659,0.998,train
crops/train_5625b290ad_0.png,RN1199,0.982,train
crops/train_56bd1c4412_0.png,AW694,1.0,train
crops/train_56c7dbb1b4_0.png,BBY780,0.914,train
crops/train_56fb574c00_0.png,AUH808,1.0,train
crops/train_572039fe99_0.png,LWQ6266,1.0,train
crops/train_57308658dd_0.png,L2,0.512,train
crops/train_574aef59a3_0.png,MNB1393,1.0,train
crops/train_575fb5b394_0.png,AGZ818,1.0,train
crops/train_5805af63ab_0.png,AEJ353,1.0,train
crops/train_58701771d5_0.png,AHQ397,1.0,train
crops/train_5878c2b1aa_0.png,BSJ143,1.0,train
crops/train_588ed6c53f_0.png,BFX019,1.0,train
crops/train_58a194e58d_0.png,LEC2983,1.0,train
crops/train_58bf56f931_0.png,11,0.537,train
crops/train_58ee12c41f_0.png,LWQ6266,1.0,train
crops/train_5908bd8edd_0.png,EW080,0.999,train
crops/train_592ad0da7f_0.png,LEH1659,0.992,train
crops/train_5953b6b3b3_0.png,LWQ6266,0.999,train
crops/train_59846c06bc_0.png,AHQ397,1.0,train
crops/train_598ac2878c_0.png,AHQ397,1.0,train
crops/train_5a04a56c29_0.png,BBP664,1.0,train
crops/train_5a60c2c223_0.png,LEA7047,1.0,train
crops/train_5a9f29fb21_0.png,6A66,0.208,train
crops/train_5aa9974a5c_0.png,LEB7814,0.999,train
crops/train_5abcc2c5ab_0.png,,0.776,train
crops/train_5bc46d08fd_0.png,AFJ200,1.0,train
crops/train_5bede92f8e_0.png,AEJ353,0.999,train
crops/train_5bef8a265c_0.png,MLE4008,1.0,train
crops/train_5bfbd76a0e_0.png,AKN029,1.0,train
crops/train_5c08ee3b24_0.png,RIY4787,1.0,train
crops/train_5c20729d5a_0.png,MNE1412,0.975,train
crops/train_5c28432b70_0.png,AHT889,1.0,train
crops/train_5c699b9465_0.png,BSJ143,1.0,train
crops/train_5c6f0f3187_0.png,MN484,1.0,train
crops/train_5cd123c42d_0.png,AUH808,1.0,train
crops/train_5cdabdca9c_0.png,BZD756,1.0,train
crops/train_5d26f9bac7_0.png,QK035,0.982,train
crops/train_5d2b4e3d3e_0.png,APT884,1.0,train
crops/train_5d3c11f813_0.png,LWQ6266,1.0,train
crops/train_5d7f1e731c_0.png,LEH6314,1.0,train
crops/train_5defa38b93_0.png,LEE3987,1.0,train
crops/train_5e40461e68_0.png,AEJ353,0.998,train
crops/train_5e70eb310e_0.png,LEB3300,1.0,train
crops/train_5e7bbb013a_0.png,LE18391,0.926,train
crops/train_5eb15f7761_0.png,LEH3291,1.0,train
crops/train_5f27523377_0.png,GAZ4205,1.0,train
crops/train_5f3088580f_0.png,004,0.269,train
crops/train_5f3b46912e_0.png,LEA7047,1.0,train
crops/train_5f44d2e28f_0.png,LEH1369,0.895,train
crops/train_5f489338bc_0.png,LET1313,0.999,train
crops/train_5f90c48442_0.png,AEK623,1.0,train
crops/train_5faf235569_0.png,LWQ6266,1.0,train
crops/train_5fafafc098_0.png,BBP664,1.0,train
crops/train_600723e9c6_0.png,MN385,0.999,train
crops/train_602d0643ce_0.png,AEK623,1.0,train
crops/train_6034c63f63_0.png,ABQ048,1.0,train
crops/train_6041db6fd2_0.png,BEA324,1.0,train
crops/train_60468439c9_0.png,BSJ143,1.0,train
crops/train_60b4a55c88_0.png,AHT889,1.0,train
crops/train_60e3caad7e_0.png,ABQ048,0.999,train
crops/train_615b9b4b41_0.png,,0.999,train
crops/train_61697687de_0.png,BFX019,1.0,train
crops/train_6197009145_0.png,LEF87781,0.996,train
crops/train_6240a5680e_0.png,BBA969,0.999,train
crops/train_6269f27f36_0.png,MN4708,1.0,train
crops/train_628eda808d_0.png,MN4708,1.0,train
crops/train_62b44aa9e2_0.png,BBA969,0.999,train
crops/train_6345105385_0.png,RN1199J,0.858,train
crops/train_63586cc0e3_0.png,MNC1572,0.98,train
crops/train_6387fe5762_0.png,09MNA3082,0.998,train
crops/train_6392bdb906_0.png,AHQ397,1.0,train
crops/train_63dc34d9c6_0.png,AHQ397,1.0,train
crops/train_63ebf7559d_0.png,MII302,0.703,train
crops/train_64238a02dd_0.png,BD7948,0.999,train
crops/train_6442412745_0.png,ABQ048,1.0,train
crops/train_6445bb7a84_0.png,AJJ432,1.0,train
crops/train_646a543e35_0.png,AKN029,1.0,train
crops/train_64b558b41b_0.png,LED2835,1.0,train
crops/train_64c3f7b508_0.png,LWQ6266,1.0,train
crops/train_64d2a731b8_0.png,AKN029,1.0,train
crops/train_6504636b27_0.png,AEA591,1.0,train
crops/train_6509d7404b_0.png,LEH3291,0.999,train
crops/train_6585d84a80_0.png,AGK713,1.0,train
crops/train_6594170d7c_0.png,LE13098,0.805,train
crops/train_6609d987d5_0.png,LE13098,0.885,train
crops/train_661194688c_0.png,R8846H,0.727,train
crops/train_66db3d29b3_0.png,LEB121,1.0,train
crops/train_675bea1fcf_0.png,MNA5645,1.0,train
crops/train_67746a7e62_0.png,MNF138,1.0,train
crops/train_67f4ecb78a_0.png,LEH16553,0.813,train
crops/train_68081a5e06_0.png,SLF7464,1.0,train
crops/train_681ef59589_0.png,LEH3291,0.995,train
crops/train_682f8f074a_0.png,MNL8185,1.0,train
crops/train_6840b8f671_0.png,BB3914,1.0,train
crops/train_6871268a3f_0.png,AEJ353,0.999,train
crops/train_68e9205494_0.png,BBA969,1.0,train
crops/train_68f55fabe2_0.png,AHT889,1.0,train
crops/train_6908899e6a_0.png,BBY780,0.934,train
crops/train_6913bd87f9_0.png,QK035,0.9,train
crops/train_699fb6540a_0.png,1DD7627,0.959,train
crops/train_69a4ac69dc_0.png,AKN029,1.0,train
crops/train_69adc2ee1f_0.png,LEH7395,1.0,train
crops/train_69d262c99d_0.png,LEH3291,0.991,train
crops/train_69fa1c740a_0.png,LEE3987,1.0,train
crops/train_69ff8b62fc_0.png,LWQ6266,1.0,train
crops/train_6a162eb2a1_0.png,LEF8778,1.0,train
crops/train_6a62ac97bc_0.png,RLD1233,1.0,train
crops/train_6a9556ec65_0.png,MN856,0.988,train
crops/train_6aa4e2d943_0.png,AFJ200,1.0,train
crops/train_6ab6528e7d_0.png,LEH5036,0.957,train
crops/train_6b05744fea_0.png,BBP664,1.0,train
crops/train_6b335fae45_0.png,EA7047,0.85,train
crops/train_6b4f7af406_0.png,LWQ6266,1.0,train
crops/train_6b53cc1459_0.png,LEE3987,1.0,train
crops/train_6b5464c6ed_0.png,ABQ048,0.997,train
crops/train_6bc73aaa64_0.png,AEJ353,1.0,train
crops/train_6bd60ecc54_0.png,ABQ048,0.994,train
crops/train_6c15034ca4_0.png,AGK713,1.0,train
crops/train_6c484dc8c4_0.png,ABQ048,1.0,train
crops/train_6c55b69d05_0.png,AVA613,1.0,train
crops/train_6c6cfd2328_0.png,AHQ397,1.0,train
crops/train_6c708a933c_0.png,LEH1553,0.999,train
crops/train_6ca711a0ed_0.png,LEF8778,0.999,train
crops/train_6caf6e68b2_0.png,ABQ048,0.998,train
crops/train_6cb2f1ec7d_0.png,LEH1659,0.999,train
crops/train_6cb60050bc_0.png,LED1538,0.986,train
crops/train_6ccaff74ea_0.png,,0.98,train
crops/train_6ccee6fdc8_0.png,BBY780,0.979,train
crops/train_6cdf5e195b_0.png,BZD756,1.0,train
crops/train_6d2c7437f1_0.png,ARG071,1.0,train
crops/train_6d5503ff65_0.png,LE3161,0.998,train
crops/train_6dc1fd5be9_0.png,BZD756,1.0,train
crops/train_6dcc65fe5b_0.png,BEA324,1.0,train
crops/train_6e02baa619_0.png,BEA324,0.999,train
crops/train_6e31bdfb7c_0.png,AUH808,1.0,train
crops/train_6e4806635e_0.png,LEH3743,0.978,train
crops/train_6e86f0a3b8_0.png,LEH3291,1.0,train
crops/train_6f0fc98e2e_0.png,LE2975I,0.912,train
crops/train_6f7517733d_0.png,LEE5855,0.946,train
crops/train_6f9c3ac33a_0.png,LEF8778,0.999,train
crops/train_6fb2c8c9e8_0.png,BSJ143,1.0,train
crops/train_6fcc21e348_0.png,AV705,1.0,train
crops/train_6fedb19493_0.png,MND1325,0.994,train
crops/train_7028c95d23_0.png,LEB5391,0.999,train
crops/train_704aeb0985_0.png,10D43311,0.857,train
crops/train_70b1ca47ce_0.png,BFX019,1.0,train
crops/train_70f95fa1cb_0.png,AUH808,1.0,train
crops/train_711ba2174f_0.png,LEF8778,0.997,train
crops/train_7121fddc96_0.png,AHT889,1.0,train
crops/train_715383e5c8_0.png,RNE5556,1.0,train
crops/train_716da1484d_0.png,AEJ353,1.0,train
crops/train_717d698c1c_0.png,RLD1233,1.0,train
crops/train_71e93e4d0d_0.png,AUH808,0.999,train
crops/train_720c1bc458_0.png,LE1309,0.996,train
crops/train_72392a80e0_0.png,BBP780,0.913,train
crops/train_726228cc4d_0.png,LEA9000,1.0,train
crops/train_726ce26a46_0.png,RIY4787,0.976,train
crops/train_72d4108119_0.png,ABQ048,0.999,train
crops/train_7330657786_0.png,AEA591,1.0,train
crops/train_739a5fed2a_0.png,AEK623,0.999,train
crops/train_73c938829c_0.png,AEJ353,0.999,train
crops/train_73cba20d3e_0.png,MN1768,1.0,train
crops/train_73d733c0ba_0.png,MLN2791,1.0,train
crops/train_73de4ba8cd_0.png,MNA1554,1.0,train
crops/train_7452b5c234_0.png,LEF8778,0.999,train
crops/train_7483674d5e_0.png,AHT889,1.0,train
crops/train_74a86eecb3_0.png,LEA7045,0.882,train
crops/train_74c2d7a1d4_0.png,LEE3987,1.0,train
crops/train_74ef3db8a8_0.png,OK035,0.982,train
crops/train_74f75faeae_0.png,BEA324,1.0,train
crops/train_74f9bf2252_0.png,AKN029,1.0,train
crops/train_7525750fda_0.png,LEE179,1.0,train
crops/train_753e07eaaa_0.png,AGB389,1.0,train
crops/train_758f68e893_0.png,AHQ397,1.0,train
crops/train_75a8682069_0.png,AZF292,1.0,train
crops/train_760d879911_0.png,LEF8778,0.999,train
crops/train_76226e4064_0.png,RIP1096,1.0,train
crops/train_76a6457043_0.png,BBP664,1.0,train
crops/train_76c7403235_0.png,MNF1488,0.922,train
crops/train_76d3dc5b1f_0.png,LEF8778,0.998,train
crops/train_77003e05c3_0.png,LWQ6266,1.0,train
crops/train_77979310cc_0.png,RN1119,0.972,train
crops/train_779f9c0d49_0.png,AHT889,1.0,train
crops/train_77aebf0945_0.png,LWQ6266,1.0,train
crops/train_7809cdd242_0.png,LEH3291,0.998,train
crops/train_781a41cadf_0.png,BBA969,0.998,train
crops/train_782f9d6021_0.png,MN2906,1.0,train
crops/train_78af0b3a62_0.png,RIL17105,0.809,train
crops/train_78b73c8898_0.png,BBY780,0.99,train
crops/train_7903c8a59c_0.png,09MNA3082,1.0,train
crops/train_7941da1334_0.png,AUH808,1.0,train
crops/train_798e4fa279_0.png,AUU294,1.0,train
crops/train_798e4fa279_1.png,8AY4237,0.729,train
crops/train_7999dfa73d_0.png,BRS1500,1.0,train
crops/train_79ac21389c_0.png,BFX019,1.0,train
crops/train_79ca96e7d8_0.png,BFX019,1.0,train
crops/train_7a7bc72ad8_0.png,MN9522,0.946,train
crops/train_7aa1c67e6b_0.png,AHQ397,1.0,train
crops/train_7ab608eeb3_0.png,BBY780,0.936,train
crops/train_7b45e10b8f_0.png,MNA2421,0.999,train
crops/train_7b96807f4e_0.png,AKN029,1.0,train
crops/train_7bb5407c9b_0.png,LEH1659,0.997,train
crops/train_7bd119f59b_0.png,AUH808,1.0,train
crops/train_7bf7bc9bcd_0.png,LEC2983,1.0,train
crops/train_7bfeed7b3c_0.png,LEC1729,1.0,train
crops/train_7c18cfeb09_0.png,BSJ143,1.0,train
crops/train_7c4f3a7569_0.png,CAA2069,1.0,train
crops/train_7c98455fc0_0.png,1404,0.235,train
crops/train_7c9e6db8bf_0.png,LEC5112,0.999,train
crops/train_7cce8dc0ca_0.png,LWQ6266,0.993,train
crops/train_7d1dcc3f29_0.png,LEE2658,1.0,train
crops/train_7d20fd7d7c_0.png,AEK623,1.0,train
crops/train_7d7c82b6e6_0.png,AFJ200,1.0,train
crops/train_7dbc4f53ec_0.png,LEH16599,0.961,train
crops/train_7dc73f6957_0.png,AGK713,1.0,train
crops/train_7e5ad32fc1_0.png,MN108,0.999,train
crops/train_7e6bf6a02f_0.png,LEF8778,0.999,train
crops/train_7e73401c77_0.png,BBY780,0.991,train
crops/train_7e8a3205ef_0.png,LWQ6266,1.0,train
crops/train_7ea5e0c535_0.png,LE18009,0.886,train
crops/train_7f152b6b11_0.png,LEF8777,0.944,train
crops/train_7f5e2b644e_0.png,QK035,0.997,train
crops/train_7f5f7f0660_0.png,BBA969,0.929,train
crops/train_7f80346728_0.png,LWQ6266,1.0,train
crops/train_7fa627cf7a_0.png,MNE1225,0.79,train
crops/train_7fdd7d5ef4_0.png,MNA4779,0.999,train
crops/train_7fdfefa668_0.png,RZD756,0.876,train
crops/train_7ff28ec9ea_0.png,LED1338,0.979,train
crops/train_7ff3479147_0.png,LEE3987,1.0,train
crops/train_8000491ba5_0.png,AEK623,1.0,train
crops/train_809438d96d_0.png,AV705,1.0,train
crops/train_80c3787748_0.png,LWQ6266,1.0,train
crops/train_80db94b99c_0.png,ABQ048,1.0,train
crops/train_80ec50e2b8_0.png,R34344,0.608,train
crops/train_80f6a138e6_0.png,LEH1559,0.959,train
crops/train_813014676f_0.png,MNE1784,0.949,train
crops/train_815b9b5366_0.png,AJJ432,1.0,train
crops/train_8164217d2a_0.png,AHT889,1.0,train
crops/train_8179617096_0.png,MNF1679,0.991,train
crops/train_8192fa76e8_0.png,QK035,0.998,train
crops/train_81ade90e13_0.png,OK035,0.973,train
crops/train_81d2c994ec_0.png,BFX019,1.0,train
crops/train_822e0ff362_0.png,AHQ397,1.0,train
crops/train_827bb6db60_0.png,AEK623,1.0,train
crops/train_82acf60ddc_0.png,QK035,0.998,train
crops/train_82e1de5e25_0.png,ABQ048,1.0,train
crops/train_82e7c09a0e_0.png,LEH1659,0.999,train
crops/train_82f53fa0bf_0.png,RN119,0.983,train
crops/train_8306e380bb_0.png,BBP664,1.0,train
crops/train_830b35ab2f_0.png,RIS1198,1.0,train
crops/train_831966cca3_0.png,AZF292,1.0,train
crops/train_83246c95ba_0.png,BEA324,1.0,train
crops/train_83488e510f_0.png,LEE1756,0.892,train
crops/train_835305f261_0.png,BZD756,1.0,train
crops/train_83777f018f_0.png,AWJ416,1.0,train
crops/train_838fd29454_0.png,RN11999,0.907,train
crops/train_83b03b85eb_0.png,BS7,0.806,train
crops/train_83d1776539_0.png,QK035,0.998,train
crops/train_83eb93caa6_0.png,LEC1440,0.76,train
crops/train_83f283ff21_0.png,LEH1659,0.996,train
crops/train_83f58e58db_0.png,BFX019,1.0,train
crops/train_84449cc805_0.png,,0.617,train
crops/train_84655967df_0.png,L,0.412,train
crops/train_8484bfa85c_0.png,LEF8778,0.999,train
crops/train_84a03fa1b0_0.png,AHT889,1.0,train
crops/train_850d386845_0.png,AUH808,1.0,train
crops/train_858bc64cfd_0.png,BFX019,1.0,train
crops/train_85efa3ac7f_0.png,AKN029,1.0,train
crops/train_860bf87e2d_0.png,AKN029,1.0,train
crops/train_86238f0168_0.png,MN1367,1.0,train
crops/train_865e169da1_0.png,RIS1119,1.0,train
crops/train_868ece65aa_0.png,AFJ200,1.0,train
crops/train_8692495b8f_0.png,AUH808,1.0,train
crops/train_86f74b5398_0.png,BBA969,1.0,train
crops/train_873d78a773_0.png,LE18091,0.916,train
crops/train_8773cbb75d_0.png,LE5529,1.0,train
crops/train_8775933bc5_0.png,LED2835,1.0,train
crops/train_87ec9dd7a3_0.png,AEJ353,0.997,train
crops/train_87ecace247_0.png,LRG7450,1.0,train
crops/train_87edede3c6_0.png,MN952,1.0,train
crops/train_88142fd6f0_0.png,AFJ200,1.0,train
crops/train_882f2b96af_0.png,MN3215,0.999,train
crops/train_88336e8958_0.png,AHT889,1.0,train
crops/train_883bdf24a5_0.png,LET2817,0.995,train
crops/train_887afacd6b_0.png,BEA324,1.0,train
crops/train_888dc7732a_0.png,AEJ353,1.0,train
crops/train_889663ae62_0.png,MNF1602,0.997,train
crops/train_889a221a9d_0.png,AKN029,1.0,train
crops/train_889d1bcd3c_0.png,MN2714,0.998,train
crops/train_88b93474ee_0.png,BBP664,0.999,train
crops/train_88c13a861c_0.png,LLFF17,0.539,train
crops/train_8974754554_0.png,LE1309I,0.891,train
crops/train_8979476e20_0.png,MND464,0.999,train
crops/train_898c15821f_0.png,OK035,0.995,train
crops/train_89945e1cb3_0.png,LEB4910,1.0,train
crops/train_89d208a812_0.png,AUH808,1.0,train
crops/train_89d862464d_0.png,LE13098,0.899,train
crops/train_8a026fcbdf_0.png,AHT889,1.0,train
crops/train_8a026fcbdf_1.png,,0.999,train
crops/train_8a0c48071a_0.png,LEE3987,1.0,train
crops/train_8b255370e5_0.png,LED1330,0.971,train
crops/train_8b40d8f4d8_0.png,BEA324,1.0,train
crops/train_8b4253ad5d_0.png,LEH3291,0.999,train
crops/train_8b8149eb7c_0.png,AJJ256,1.0,train
crops/train_8b974b3e94_0.png,AEK623,1.0,train
crops/train_8bec49bce4_0.png,LE3161,1.0,train
crops/train_8c243f5a2d_0.png,4NN,0.277,train
crops/train_8c7fb4bac9_0.png,BBP664,1.0,train
crops/train_8cbd2cb754_0.png,ABQ048,1.0,train
crops/train_8cceb27ea5_0.png,AHT889,1.0,train
crops/train_8cf2a6ef42_0.png,LEA7047,1.0,train
crops/train_8d1235b41c_0.png,BEA324,1.0,train
crops/train_8d9b633644_0.png,AHQ397,1.0,train
crops/train_8dca3433e3_0.png,BZD756,1.0,train
crops/train_8e03383826_0.png,MNS31,0.828,train
crops/train_8ef4dec541_0.png,LEC298,0.988,train
crops/train_8ef4dec541_1.png,MNA2993,1.0,train
crops/train_8f731a637f_0.png,AEK623,1.0,train
crops/train_8f9474adcc_0.png,QK035,0.983,train
crops/train_8ff4dbacb1_0.png,KS241,0.677,train
crops/train_906fddaf1c_0.png,BBY780,0.984,train
crops/train_91225788da_0.png,BBP780,0.918,train
crops/train_912fed580c_0.png,AGK713,0.999,train
crops/train_91d9b0abd3_0.png,ACZ853,1.0,train
crops/train_91d9fb1fd2_0.png,BZD756,1.0,train
crops/train_921c6e7210_0.png,MN33746,0.791,train
crops/train_927cfba341_0.png,LWQ6266,1.0,train
crops/train_928b83e976_0.png,QK035,0.998,train
crops/train_92ac38a903_0.png,AUH8G9,0.822,train
crops/train_92f646f517_0.png,AKN346,0.994,train
crops/train_9307fcfb05_0.png,VR287,0.999,train
crops/train_933d6397bd_0.png,AEK623,1.0,train
crops/train_93548fb91a_0.png,MN856,0.971,train
crops/train_93554f07ef_0.png,BFX019,1.0,train
crops/train_9364f32132_0.png,LE1339,0.93,train
crops/train_93ac02d7ca_0.png,BBP664,1.0,train
crops/train_93bbc133db_0.png,ABQ048,1.0,train
crops/train_941e7c00cd_0.png,AHQ397,1.0,train
crops/train_94517047dd_0.png,AFJ200,1.0,train
crops/train_947af1135f_0.png,RIW8460,0.998,train
crops/train_949fa3dc44_0.png,BEA324,1.0,train
crops/train_94b21abb02_0.png,LEH1659,0.988,train
crops/train_94dd498f24_0.png,BFX019,0.922,train
crops/train_94f2920b71_0.png,LWQ6266,1.0,train
crops/train_9504b33c49_0.png,MNA4164,1.0,train
crops/train_9518faaa01_0.png,MNA1554,1.0,train
crops/train_9524fe1934_0.png,SLF9899,0.965,train
crops/train_952767099c_0.png,BZD756,1.0,train
crops/train_956d89bf77_0.png,AEK623,1.0,train
crops/train_95bbb0e5ed_0.png,ABQ048,1.0,train
crops/train_95e5001c6e_0.png,LEA9300,1.0,train
crops/train_95efbb31eb_0.png,RIS1119,0.982,train
crops/train_9615d31c54_0.png,BCX567,1.0,train
crops/train_9615d4402c_0.png,LXR8545,0.987,train
crops/train_963125f7a9_0.png,LEE3987,1.0,train
crops/train_96736d21da_0.png,HAJ224,0.662,train
crops/train_96736d21da_1.png,6707,0.575,train
crops/train_9675823568_0.png,AFJ556,0.733,train
crops/train_96ddd5accd_0.png,ABQ048,0.999,train
crops/train_9705988ea2_0.png,MN4524,1.0,train
crops/train_9716dbec20_0.png,LEH3291,0.998,train
crops/train_971c35cf70_0.png,LEC917,0.997,train
crops/train_9733a0723b_0.png,MNC1532,0.96,train
crops/train_9790d9a142_0.png,AFJ200,1.0,train
crops/train_97de9779df_0.png,BFX019,1.0,train
crops/train_97f3ae7eea_0.png,LEA7047,1.0,train
crops/train_9801e2850e_0.png,BBA969,1.0,train
crops/train_982a3f34c3_0.png,AHT889,1.0,train
crops/train_9883b74f52_0.png,BZD756,0.913,train
crops/train_98c876945f_0.png,ACZ853,1.0,train
crops/train_98ce6333f2_0.png,AKN029,1.0,train
crops/train_98f08369c1_0.png,RLD2654,1.0,train
crops/train_98fe58b41b_0.png,LEF8778,0.998,train
crops/train_9901262337_0.png,BSJ143,1.0,train
crops/train_9916d3df15_0.png,AHQ397,1.0,train
crops/train_992a5b5d21_0.png,RNN3063,1.0,train
crops/train_99db596e63_0.png,BZD756,1.0,train
crops/train_99e05e260d_0.png,AHQ397,1.0,train
crops/train_99e2040e0e_0.png,AGK713,0.914,train
crops/train_9a0729f338_0.png,200,0.519,train
crops/train_9a1d33f5d6_0.png,BFX019,1.0,train
crops/train_9a4e7cf6af_0.png,MNA2993,0.999,train
crops/train_9a4ee3961a_0.png,AHT889,1.0,train
crops/train_9a58c418bc_0.png,MND1357,0.998,train
crops/train_9a7961edd5_0.png,AFJ200,1.0,train
crops/train_9a79d8b981_0.png,AEJ353,1.0,train
crops/train_9acba41e79_0.png,OK035,0.998,train
crops/train_9ad441b47b_0.png,MN1719,1.0,train
crops/train_9b7617d3a9_0.png,LWQ6266,1.0,train
crops/train_9b7b46a393_0.png,LEH3236,0.994,train
crops/train_9b869ad353_0.png,RN11199,0.876,train
crops/train_9b91806326_0.png,MNX645,0.999,train
crops/train_9bce5de478_0.png,LEH1659,0.997,train
crops/train_9be7efe3a5_0.png,BBA969,1.0,train
crops/train_9c071d62c8_0.png,LWQ6266,0.978,train
crops/train_9c147e338b_0.png,LEF8778,0.999,train
crops/train_9c2cf9d8bd_0.png,AUH808,1.0,train
crops/train_9c73382a5d_0.png,ABQ048,0.999,train
crops/train_9c86f5f00a_0.png,AGK713,0.998,train
crops/train_9c8d44c019_0.png,BSJ143,1.0,train
crops/train_9cd06f36fb_0.png,BEA324,1.0,train
crops/train_9cf1e23d9d_0.png,BEA324,1.0,train
crops/train_9d4bcd5ced_0.png,BEA324,0.999,train
crops/train_9d516f422c_0.png,AGK713,1.0,train
crops/train_9dc3e7ced3_0.png,LMQ6266,0.935,train
crops/train_9e2b0545d0_0.png,BZD756,1.0,train
crops/train_9e454f4033_0.png,4,0.696,train
crops/train_9e6ec1b670_0.png,LEC1729,0.999,train
crops/train_9ef0df5b73_0.png,LEF2640,1.0,train
crops/train_9f01c5dcc0_0.png,LEH4829,0.999,train
crops/train_9f3d514a61_0.png,AHT889,1.0,train
crops/train_9faba48a4d_0.png,LEH4455,0.997,train
crops/train_9fb62a9586_0.png,22020,0.32,train
crops/train_9fe2141723_0.png,BBA969,1.0,train
crops/train_9ff45372e8_0.png,RN1119J,0.815,train
crops/train_a02d438ec2_0.png,OK035,0.956,train
crops/train_a0aa42ce8f_0.png,AVK062,0.991,train
crops/train_a0adb1cee7_0.png,ABQ048,1.0,train
crops/train_a0aed76304_0.png,AEK623,1.0,train
crops/train_a0d8997dd6_0.png,BBP664,1.0,train
crops/train_a17a3c2ee6_0.png,MND486,1.0,train
crops/train_a1cbe23e61_0.png,BFX019,1.0,train
crops/train_a2a7e562ad_0.png,LEB46,0.908,train
crops/train_a2a91e11e1_0.png,BSJ143,1.0,train
crops/train_a2cb8a5f81_0.png,AFJ200,1.0,train
crops/train_a2d26d3fe8_0.png,ABQ048,1.0,train
crops/train_a35038e64f_0.png,LED1607,1.0,train
crops/train_a3505bc195_0.png,AUH808,1.0,train
crops/train_a3523e4ee9_0.png,MLC135,1.0,train
crops/train_a361940bcd_0.png,AHQ397,1.0,train
crops/train_a36f206e2b_0.png,AAB924,1.0,train
crops/train_a39e823a5c_0.png,AEK623,0.99,train
crops/train_a3df48eddc_0.png,AUH808,1.0,train
crops/train_a4071dad28_0.png,RN1199B,0.875,train
crops/train_a48e719269_0.png,BBA969,1.0,train
crops/train_a4e0a19b26_0.png,RIS2282,1.0,train
crops/train_a517de3d79_0.png,AEJ353,0.998,train
crops/train_a51993b6a9_0.png,BFX019,1.0,train
crops/train_a519977090_0.png,AEK623,1.0,train
crops/train_a5b083d9da_0.png,LE1309I,0.899,train
crops/train_a5c2c711de_0.png,AKN029,1.0,train
crops/train_a5f148333f_0.png,ABQ048,0.999,train
crops/train_a5fe8e36f5_0.png,LEF3503,1.0,train
crops/train_a637527b7a_0.png,LEE5559,1.0,train
crops/train_a65065b1c3_0.png,BZD756,1.0,train
crops/train_a688f8fd7b_0.png,LE13091,0.928,train
crops/train_a6c133bcf0_0.png,6600,0.243,train
crops/train_a6d5563e11_0.png,BZD756,1.0,train
crops/train_a718546093_0.png,LEH1659,0.999,train
crops/train_a72c0e2b69_0.png,AKN029,1.0,train
crops/train_a75ec9becd_0.png,AEK623,1.0,train
crops/train_a7671c40a5_0.png,MII302,0.972,train
crops/train_a770fc2cf0_0.png,LEH4455,0.999,train
crops/train_a793e22e30_0.png,LEA7047,1.0,train
crops/train_a7bb772f48_0.png,LWQ6266,1.0,train
crops/train_a7c2e4bc3c_0.png,ARG071,1.0,train
crops/train_a84eae1ae1_0.png,LEE3987,1.0,train
crops/train_a8d9393bf7_0.png,AEJ353,0.999,train
crops/train_a8dea0f4d2_0.png,AES290,1.0,train
crops/train_a8e521cdc2_0.png,ARG071,0.996,train
crops/train_a8fdd26cf4_0.png,AUH808,1.0,train
crops/train_a92c111d6f_0.png,MNL2657,1.0,train
crops/train_a9442e81ca_0.png,AGK713,1.0,train
crops/train_a94c8c7b28_0.png,BEA324,1.0,train
crops/train_a95fc672fa_0.png,LEH1659,0.955,train
crops/train_a96ae39362_0.png,AGK713,0.999,train
crops/train_a9b052b864_0.png,ABQ048,1.0,train
crops/train_a9e4014dc2_0.png,MNA877,0.998,train
crops/train_a9eff5674a_0.png,BBA969,1.0,train
crops/train_aa6ea88d83_0.png,LEH3321,0.882,train
crops/train_aa960b1b7b_0.png,MND1760,0.975,train
crops/train_aabba09729_0.png,LRV8227,1.0,train
crops/train_aac3d37b0e_0.png,MN3746,0.999,train
crops/train_aada22f0dc_0.png,LE4697A,0.999,train
crops/train_ab221c7a34_0.png,LET2817,0.999,train
crops/train_ab25f5a243_0.png,,1.0,train
crops/train_ab515948a6_0.png,L5A1153,0.407,train
crops/train_ab750a50c4_0.png,JGL2195,0.999,train
crops/train_abe2837826_0.png,AHT889,1.0,train
crops/train_ac1456f58a_0.png,LEH3291,0.999,train
crops/train_ac690b051a_0.png,QK035,0.904,train
crops/train_ac89a8efb4_0.png,LRR6650,1.0,train
crops/train_ac9e6c20b6_0.png,AEK623,0.99,train
crops/train_acb71fbb88_0.png,MNA1786,0.945,train
crops/train_acd4108677_0.png,AEJ353,0.997,train
crops/train_ad25dfde9e_0.png,LEA7047,1.0,train
crops/train_ad2d658a50_0.png,LEH1659,0.928,train
crops/train_ad6b704161_0.png,LEC5112,1.0,train
crops/train_ad971166d3_0.png,AHQ397,1.0,train
crops/train_adbced4d47_0.png,AEA591,1.0,train
crops/train_adeae2c443_0.png,LBA9363,0.881,train
crops/train_ae235d349b_0.png,AEJ353,1.0,train
crops/train_ae4816990d_0.png,LEC3740,1.0,train
crops/train_af0a7e4b55_0.png,AHT889,1.0,train
crops/train_af65cdbc0d_0.png,AKN029,1.0,train
crops/train_af906ad45b_0.png,LE1309,0.996,train
crops/train_af983d75ac_0.png,BSJ143,1.0,train
crops/train_afdc57b01e_0.png,BBP664,1.0,train
crops/train_afdd00d265_0.png,BSJ143,1.0,train
crops/train_b00f9256bc_0.png,AKN029,1.0,train
crops/train_b03d1f6f6f_0.png,LEF3778,0.954,train
crops/train_b0b8f45557_0.png,LOP7818,0.961,train
crops/train_b0c1fce741_0.png,ABQ048,1.0,train
crops/train_b0c6ea7ec2_0.png,AHQ397,1.0,train
crops/train_b0c9ac1e11_0.png,BEA324,1.0,train
crops/train_b10f67d3af_0.png,LEF8778,0.995,train
crops/train_b165b6d9ad_0.png,LEE3987,1.0,train
crops/train_b19d69b5fb_0.png,ABQ048,1.0,train
crops/train_b20726ca63_0.png,LEF1440,0.892,train
crops/train_b211496442_0.png,MNS2853,0.998,train
crops/train_b231510ae5_0.png,LEF8778,0.998,train
crops/train_b242da97b7_0.png,LEE3987,1.0,train
crops/train_b257da7ca0_0.png,AHT889,1.0,train
crops/train_b259115973_0.png,AUH808,0.999,train
crops/train_b27a49dda8_0.png,LEF8778,0.998,train
crops/train_b27cc43d81_0.png,LEC5104,0.99,train
crops/train_b292c7b6ce_0.png,MNA2632,1.0,train
crops/train_b3135653cd_0.png,BBA969,1.0,train
crops/train_b317a1d2b2_0.png,MND1690,1.0,train
crops/train_b36ea58fa4_0.png,LEE3987,1.0,train
crops/train_b3937d8025_0.png,MN2714,0.999,train
crops/train_b3b0fc6b8e_0.png,LED4509,0.967,train
crops/train_b3ca5e8a9c_0.png,LWK5850,0.999,train
crops/train_b44d89782d_0.png,LEB3167,0.975,train
crops/train_b453cb4ffa_0.png,BBP664,1.0,train
crops/train_b459993b06_0.png,MND325,1.0,train
crops/train_b473c8bf4c_0.png,ABQ048,0.995,train
crops/train_b474ef42b9_0.png,ACZ853,1.0,train
crops/train_b47d98aa36_0.png,FEA7047,0.932,train
crops/train_b480d1c7aa_0.png,BBA969,1.0,train
crops/train_b4a36a6d12_0.png,LEK623,0.556,train
crops/train_b4a5078397_0.png,MNA4779,1.0,train
crops/train_b4ad21eddc_0.png,BSJ143,1.0,train
crops/train_b4cfc73eab_0.png,AJR386,1.0,train
crops/train_b4d7d43ee7_0.png,AFJ200,1.0,train
crops/train_b53dfe2812_0.png,BBP664,1.0,train
crops/train_b54180e51a_0.png,LED5620,1.0,train
crops/train_b594b43c96_0.png,LFA7047,0.923,train
crops/train_b6388d41d6_0.png,MNS2838,0.965,train
crops/train_b66e1174b7_0.png,MNA2206,1.0,train
crops/train_b67b16ee2f_0.png,LF1211,0.563,train
crops/train_b689191213_0.png,BBA969,1.0,train
crops/train_b6a6401946_0.png,RI8446,0.823,train
crops/train_b6cef0e65f_0.png,LEF87781,0.974,train
crops/train_b6f9318335_0.png,LEE3987,1.0,train
crops/train_b73f1678d5_0.png,MNA543,0.83,train
crops/train_b7707db147_0.png,AEK623,1.0,train
crops/train_b82b5bc4fb_0.png,AEJ353,1.0,train
crops/train_b8321594f0_0.png,AGK713,1.0,train
crops/train_b8381cb295_0.png,MNA7486,0.98,train
crops/train_b850b8ac9c_0.png,BSJ143,1.0,train
crops/train_b862976e81_0.png,R,0.889,train
crops/train_b8982247f1_0.png,CT3173,1.0,train
crops/train_b8bbeae166_0.png,LEE3987,1.0,train
crops/train_b8bf8f92fe_0.png,LEF2640,1.0,train
crops/train_b8c92b5e23_0.png,AGK713,1.0,train
crops/train_b8fc7ffac4_0.png,LEF18778,0.987,train
crops/train_b907800a7e_0.png,AHQ397,1.0,train
crops/train_b9711014fd_0.png,,0.43,train
crops/train_b97e6b4afc_0.png,BSJ143,1.0,train
crops/train_b9b0ce6bbc_0.png,AEK623,1.0,train
crops/train_ba034445d1_0.png,1DD7627,0.976,train
crops/train_ba45e5d548_0.png,MNC17515,0.928,train
crops/train_ba7d556d29_0.png,BSJ143,1.0,train
crops/train_ba843d6a33_0.png,BZD756,1.0,train
crops/train_bac67650e2_0.png,RN1199J,0.806,train
crops/train_bad9ed6cb0_0.png,FDA1966,1.0,train
crops/train_baed874c00_0.png,AKNN,0.815,train
crops/train_bb36710b19_0.png,MNA5007,1.0,train
crops/train_bb390fcf1e_0.png,BDY760,1.0,train
crops/train_bb3e5ae9a4_0.png,ACZ853,1.0,train
crops/train_bb3f627897_0.png,LEA1433,0.596,train
crops/train_bb87f0c29b_0.png,ABQ048,0.999,train
crops/train_bb919559a6_0.png,MN3074,1.0,train
crops/train_bb9c071d09_0.png,BZD756,1.0,train
crops/train_bbac03f392_0.png,RN119,0.972,train
crops/train_bc4a116b3a_0.png,MNA54,1.0,train
crops/train_bca73de7c6_0.png,AUH808,1.0,train
crops/train_bcd834bc8c_0.png,BZD756,1.0,train
crops/train_bce82c5448_0.png,ABQ048,1.0,train
crops/train_bcf8fe5e14_0.png,AB,0.635,train
crops/train_bd097fd270_0.png,AEJ353,0.999,train
crops/train_bd45fed944_0.png,LE5529,1.0,train
crops/train_bd64854349_0.png,AFJ200,0.999,train
crops/train_bd7263a617_0.png,ABQ048,0.999,train
crops/train_bd80262f87_0.png,LEH3291,0.988,train
crops/train_bda2a313c6_0.png,AUH808,1.0,train
crops/train_bde2e4b8bc_0.png,AFJ200,1.0,train
crops/train_bdf3b2b2ec_0.png,MN5125,1.0,train
crops/train_be1608ee05_0.png,AEK623,1.0,train
crops/train_be2f9d0a94_0.png,BBA969,1.0,train
crops/train_be3d76783b_0.png,ADS654,0.999,train
crops/train_be4e315210_0.png,LEH3236,0.997,train
crops/train_be83fcab6c_0.png,LWC4148,1.0,train
crops/train_be9f580310_0.png,BFX019,1.0,train
crops/train_bed61c7e53_0.png,MNE1884,0.998,train
crops/train_bed7d5170c_0.png,BFX019,1.0,train
crops/train_bf48473afd_0.png,AKN029,1.0,train
crops/train_bfc123ff2b_0.png,BBA969,1.0,train
crops/train_bfe955ae6e_0.png,GAZ4205,1.0,train
crops/train_c015db99e1_0.png,AEJ353,1.0,train
crops/train_c0294240cb_0.png,BSJ143,1.0,train
crops/train_c03705d74a_0.png,AAB924,1.0,train
crops/train_c0aef4b77e_0.png,MND1357,1.0,train
crops/train_c0c6366c66_0.png,LEH1659,0.862,train
crops/train_c0e4b3f5da_0.png,BSJ143,1.0,train
crops/train_c1124f5a95_0.png,AHQ397,1.0,train
crops/train_c13a84ea0c_0.png,ASR931,0.99,train
crops/train_c14d52b8a2_0.png,LEE3085,0.998,train
crops/train_c1541dd748_0.png,RIS1198,0.997,train
crops/train_c15d642b8f_0.png,LEF7922,1.0,train
crops/train_c1b60aed98_0.png,RLS2355,0.874,train
crops/train_c21ee8fb76_0.png,BEA324,1.0,train
crops/train_c2494f8f68_0.png,AUH808,1.0,train
crops/train_c266962ee2_0.png,LWQ6266,1.0,train
crops/train_c271cd11a2_0.png,BBP664,1.0,train
crops/train_c2a3d7d874_0.png,BSJ143,1.0,train
crops/train_c2ce584304_0.png,AEJ353,1.0,train
crops/train_c3862e61b8_0.png,BBY780,0.977,train
crops/train_c38df4021a_0.png,MN1313,0.925,train
crops/train_c39002ffc9_0.png,AEJ353,1.0,train
crops/train_c3c91b300c_0.png,LWK5850,1.0,train
crops/train_c426e800c9_0.png,AHQ397,1.0,train
crops/train_c4635668a2_0.png,QK035,0.951,train
crops/train_c4a44c496f_0.png,LEC1487,1.0,train
crops/train_c4d8215bcf_0.png,LRQ8247,0.996,train
crops/train_c4f56c3ffd_0.png,BCX567,0.998,train
crops/train_c55d91840d_0.png,LB7592,0.629,train
crops/train_c58dc0329a_0.png,LWQ6266,1.0,train
crops/train_c5b3ea648e_0.png,RN19199,0.952,train
crops/train_c5c1e3d219_0.png,RN119,0.994,train
crops/train_c5ffc7e406_0.png,LED72236,0.874,train
crops/train_c68d495073_0.png,MND486,1.0,train
crops/train_c69316fdf1_0.png,APT884,1.0,train
crops/train_c6adbd3be3_0.png,BZ,0.717,train
crops/train_c6f01dcc2e_0.png,MNZ6161,1.0,train
crops/train_c78a28ad57_0.png,RIS1119,0.981,train
crops/train_c79f61205e_0.png,LEF8778,0.996,train
crops/train_c7b9e2dc72_0.png,AAS176,1.0,train
crops/train_c7f506a318_0.png,LEA704,0.926,train
crops/train_c820cb9680_0.png,AHQ397,1.0,train
crops/train_c831e4bd0c_0.png,LEC3740,0.846,train
crops/train_c83f5b03d3_0.png,LEE3987,1.0,train
crops/train_c869d33fac_0.png,AEJ353,0.999,train
crops/train_c8e29920d4_0.png,,0.986,train
crops/train_c92b5335da_0.png,EA0047,0.523,train
crops/train_c9d296d4ca_0.png,,1.0,train
crops/train_c9efaa1f2d_0.png,LEH3291,0.97,train
crops/train_ca486144b0_0.png,LEH1659,0.963,train
crops/train_cadb1cd978_0.png,AHQ3,0.814,train
crops/train_cafa4766c1_0.png,MNE1103,0.998,train
crops/train_cb273c6e5a_0.png,AFJ200,0.991,train
crops/train_cb273c6e5a_1.png,AFJ200,0.991,train
crops/train_cb51db95c1_0.png,LEH1659,0.992,train
crops/train_cb6403fc0b_0.png,BBP664,1.0,train
crops/train_cbb8aa962f_0.png,LEE3987,1.0,train
crops/train_cbc42bed89_0.png,BEA324,1.0,train
crops/train_cbd5d4571b_0.png,LEH1659,0.999,train
crops/train_cbf941cd5c_0.png,BEA324,1.0,train
crops/train_cc04bdc059_0.png,LWQ6266,1.0,train
crops/train_cc1f6a300a_0.png,LWC4148,1.0,train
crops/train_cc44add21f_0.png,MNA2272,1.0,train
crops/train_cc6ab8d3a5_0.png,LEH3291,0.999,train
crops/train_cc717e6c1e_0.png,AMU862,1.0,train
crops/train_cc75beec12_0.png,MN4708,1.0,train
crops/train_cc85907d73_0.png,353,0.381,train
crops/train_cc85907d73_1.png,BD881,0.528,train
crops/train_ccc5709a37_0.png,QK035,0.985,train
crops/train_ccf6e35d4e_0.png,MNB1419,0.967,train
crops/train_cd02d060ab_0.png,,1.0,train
crops/train_cd2c76ff0f_0.png,AUH808,1.0,train
crops/train_cd6a72c707_0.png,LEH3291,0.999,train
crops/train_cd8bc749c7_0.png,LEF3777,0.857,train
crops/train_cdb9398ff7_0.png,LL,0.648,train
crops/train_cdf91e16c1_0.png,MNF1711,0.982,train
crops/train_ce045d4348_0.png,LE9088,1.0,train
crops/train_ce472adfd2_0.png,AUI888,0.88,train
crops/train_ce4d66bbde_0.png,LWQ6266,0.995,train
crops/train_ce84e4b9ee_0.png,AUH808,1.0,train
crops/train_ce9aeb0ae0_0.png,LZB3001,1.0,train
crops/train_cf6376275c_0.png,RLD1233,1.0,train
crops/train_cfa4e9c779_0.png,AEJ353,1.0,train
crops/train_cfb871e74c_0.png,BBP664,1.0,train
crops/train_cfc6723ff4_0.png,MND464,0.999,train
crops/train_cff854b3ff_0.png,MN4524,1.0,train
crops/train_d04d97fe7f_0.png,EW080,0.996,train
crops/train_d0a0d9084d_0.png,BEA324,1.0,train
crops/train_d0fc6a58e3_0.png,BFX019,1.0,train
crops/train_d106f1e15a_0.png,AKN029,0.982,train
crops/train_d1492a4422_0.png,BFX019,1.0,train
crops/train_d15541fb36_0.png,ARG071,1.0,train
crops/train_d167c6e498_0.png,LEE5855,0.999,train
crops/train_d1b5fa2e88_0.png,MND1357,1.0,train
crops/train_d1fd61cba5_0.png,APT884,1.0,train
crops/train_d1fdcc5ca8_0.png,MND486,1.0,train
crops/train_d209d233ed_0.png,MNL8185,1.0,train
crops/train_d20a4fff62_0.png,LOR7818,0.7,train
crops/train_d24f3ea572_0.png,LED1003,1.0,train
crops/train_d2657bf712_0.png,BFM731,1.0,train
crops/train_d2681cbd31_0.png,AUH808,1.0,train
crops/train_d27634d631_0.png,AEK623,1.0,train
crops/train_d2aaa802f8_0.png,AUH808,1.0,train
crops/train_d2bc4bc97b_0.png,LEE3987,1.0,train
crops/train_d2fc2fd26d_0.png,LEE3987,1.0,train
crops/train_d300b2b1d2_0.png,LES10613,0.677,train
crops/train_d3076bdcd5_0.png,BSJ143,1.0,train
crops/train_d35c74c76c_0.png,AEK623,1.0,train
crops/train_d36d3a3a6c_0.png,QK035,0.998,train
crops/train_d439ec0695_0.png,AGK713,0.999,train
crops/train_d48c311e33_0.png,LWQ6266,1.0,train
crops/train_d567963515_0.png,RN119,0.874,train
crops/train_d58d8e6d53_0.png,BZD756,1.0,train
crops/train_d5e640d158_0.png,AHQ0,0.717,train
crops/train_d62ea8c84b_0.png,LEH1659,1.0,train
crops/train_d684b8d5a4_0.png,LEC5112,0.996,train
crops/train_d6ab9c3d0e_0.png,TA642,1.0,train
crops/train_d6f94f8fd0_0.png,AEJ353,1.0,train
crops/train_d6fb8d4906_0.png,CAA2069,0.999,train
crops/train_d6fdeae889_0.png,RN1599I,0.676,train
crops/train_d71b599584_0.png,RN1199B,0.902,train
crops/train_d71ee4ad64_0.png,LET5280,1.0,train
crops/train_d73942ddef_0.png,AGK713,0.999,train
crops/train_d77a7e4a35_0.png,AGK713,0.999,train
crops/train_d795c2daea_0.png,VU794,1.0,train
crops/train_d7a9c62060_0.png,LEH1329,0.864,train
crops/train_d7d297dd20_0.png,AFJ200,1.0,train
crops/train_d802001851_0.png,LEE5559,1.0,train
crops/train_d809e2c06d_0.png,BEA324,1.0,train
crops/train_d80a36ec5d_0.png,BBP664,1.0,train
crops/train_d85549e377_0.png,AEK623,1.0,train
crops/train_d87885a470_0.png,AHT889,1.0,train
crops/train_d90c1aef84_0.png,LEE3987,1.0,train
crops/train_d939315c69_0.png,LE13018,0.889,train
crops/train_d9509bcf77_0.png,LEE3987,1.0,train
crops/train_d9b4356f83_0.png,MNA2206,1.0,train
crops/train_d9b959a429_0.png,MLH8882,1.0,train
crops/train_d9d75c08dc_0.png,AGK713,1.0,train
crops/train_da0c2355d0_0.png,AHT889,1.0,train
crops/train_da1de5c08e_0.png,BFX019,1.0,train
crops/train_da2f6a24e7_0.png,LBI7431,0.833,train
crops/train_daa2847f3b_0.png,BBY780,0.975,train
crops/train_daf400327a_0.png,BBY780,0.981,train
crops/train_db27d8e0f9_0.png,AEK623,0.993,train
crops/train_db7c02ad39_0.png,BBP664,1.0,train
crops/train_dbd008b11d_0.png,LEE3987,1.0,train
crops/train_dbf0798545_0.png,S1143,0.407,train
crops/train_dbf330b98f_0.png,BFX019,1.0,train
crops/train_dc1a7a3ed3_0.png,LEE3987,1.0,train
crops/train_dc1c09b97e_0.png,LEB5542,1.0,train
crops/train_dc21057cad_0.png,AUH808,1.0,train
crops/train_dc3a2a1088_0.png,LEF87788,0.985,train
crops/train_dc7f2250ff_0.png,LEB3300,1.0,train
crops/train_dc896aae4a_0.png,RIS2282,0.97,train
crops/train_dcc5adca53_0.png,LEA1856,1.0,train
crops/train_dcc9d77c57_0.png,OK035,0.954,train
crops/train_dd0ae02420_0.png,ABQ048,0.999,train
crops/train_dd11230f66_0.png,AEW731,1.0,train
crops/train_dd2cf349f6_0.png,BBA969,0.999,train
crops/train_dd5545a4ab_0.png,QK035,0.902,train
crops/train_ddbeac25e9_0.png,BBP664,1.0,train
crops/train_ddd806ed42_0.png,LEE3987,1.0,train
crops/train_ddfc30a915_0.png,LEC6608,1.0,train
crops/train_de0e2ae570_0.png,RIP16733,0.917,train
crops/train_de12fe773f_0.png,LEB4910,1.0,train
crops/train_de2fecd5cb_0.png,AKN02,0.81,train
crops/train_de35f5f6cc_0.png,LEE5855,0.999,train
crops/train_de4e6be426_0.png,ABQ048,0.999,train
crops/train_de59d4c6f3_0.png,AGK713,0.987,train
crops/train_dea14fb031_0.png,RLD2654,1.0,train
crops/train_dec3d9d9a4_0.png,AGK713,0.999,train
crops/train_dfc039ef02_0.png,MN1719,0.999,train
crops/train_dfc8894d46_0.png,RIS1119,0.702,train
crops/train_e008199228_0.png,RIT14476,0.924,train
crops/train_e03460e9fd_0.png,MNT151,0.775,train
crops/train_e072c2ea4b_0.png,MND1357,0.988,train
crops/train_e07a5186fc_0.png,LEF8778,1.0,train
crops/train_e0f67495ae_0.png,AFB769,1.0,train
crops/train_e18b322458_0.png,AHQ397,1.0,train
crops/train_e19e794d3c_0.png,8BA969,0.725,train
crops/train_e1c526bcd8_0.png,MNA3415,1.0,train
crops/train_e1d7d00c90_0.png,RIS2355,0.98,train
crops/train_e1e1aeec3c_0.png,AUH808,1.0,train
crops/train_e1ea1b07ea_0.png,MLC135,1.0,train
crops/train_e1fc1de39a_0.png,LEA4119,1.0,train
crops/train_e221664172_0.png,LEA7047,1.0,train
crops/train_e228746559_0.png,911,0.354,train
crops/train_e22d459e91_0.png,AKN029,1.0,train
crops/train_e27a07a7a8_0.png,AFJ200,1.0,train
crops/train_e28c61d64d_0.png,AGK713,1.0,train
crops/train_e2e34a9fa3_0.png,AGK713,1.0,train
crops/train_e31207dc8d_0.png,AUH808,1.0,train
crops/train_e329b2a66a_0.png,BFX019,1.0,train
crops/train_e342aa2b00_0.png,LD2961,0.959,train
crops/train_e35bba6eee_0.png,ARD270,1.0,train
crops/train_e363655110_0.png,BBA969,0.996,train
crops/train_e37bd023bd_0.png,AEK623,1.0,train
crops/train_e38f0665e4_0.png,AHT889,1.0,train
crops/train_e3a47c3e9c_0.png,MR05577,0.491,train
crops/train_e403f24f88_0.png,BEA324,1.0,train
crops/train_e40495325f_0.png,BEA324,1.0,train
crops/train_e45383c196_0.png,LEB1376,0.915,train
crops/train_e4baa34bce_0.png,LEC1132,1.0,train
crops/train_e4c5ff5250_0.png,EK6633,0.463,train
crops/train_e4ce61c9b8_0.png,MNT15,0.899,train
crops/train_e4d1a5aaea_0.png,LEB3277,1.0,train
crops/train_e4e95c527c_0.png,BZD756,1.0,train
crops/train_e5038bd354_0.png,LEH3291,0.953,train
crops/train_e507c6672b_0.png,AEK623,1.0,train
crops/train_e50e506103_0.png,AEJ353,0.999,train
crops/train_e52fa192c0_0.png,LWQ6266,1.0,train
crops/train_e553b64ef8_0.png,,0.996,train
crops/train_e5685c262d_0.png,LWQ6266,0.999,train
crops/train_e5b394b8a6_0.png,SLF7464,0.999,train
crops/train_e5b95d36a9_0.png,BZD756,1.0,train
crops/train_e5bba2b5b9_0.png,8,0.498,train
crops/train_e64d9e2c17_0.png,ABQ048,0.988,train
crops/train_e657ba98bb_0.png,1DJ3032,0.943,train
crops/train_e66d5cb1a9_0.png,AKN346,0.885,train
crops/train_e6e7e375fb_0.png,MN384,0.999,train
crops/train_e70be6d909_0.png,LWQ6266,1.0,train
crops/train_e734c55b88_0.png,LEB1194,1.0,train
crops/train_e7d362e9bc_0.png,ABQ048,0.999,train
crops/train_e83c143e70_0.png,LEE3987,0.996,train
crops/train_e8828f5531_0.png,ABQ048,0.998,train
crops/train_e93ac224c6_0.png,MN1719,0.999,train
crops/train_e9c11b7bcd_0.png,VU794,1.0,train
crops/train_ea142bd4fc_0.png,AUH808,1.0,train
crops/train_ea39aeb88d_0.png,MN952,0.967,train
crops/train_ea53162979_0.png,AHT889,1.0,train
crops/train_ea8abd3697_0.png,BSJ143,1.0,train
crops/train_eab69b43a4_0.png,BBV780,0.879,train
crops/train_eb59e717d5_0.png,AUH808,0.995,train
crops/train_eb8725c4ac_0.png,AUH808,1.0,train
crops/train_eb92a7e489_0.png,SLF9899,0.929,train
crops/train_eb96dcb646_0.png,LEH1221,0.816,train
crops/train_ebc2bece10_0.png,AHQ397,1.0,train
crops/train_ec153141e5_0.png,LE1051,1.0,train
crops/train_ec19e54d1e_0.png,MNE1103,0.932,train
crops/train_ec376dae97_0.png,NII302,0.946,train
crops/train_ec3e04f62a_0.png,BEA324,1.0,train
crops/train_ec3e775ac6_0.png,RIS2355,0.973,train
crops/train_ec43f48cc2_0.png,AHQ397,1.0,train
crops/train_ec4ac180ad_0.png,N009,0.63,train
crops/train_ec6048d3e6_0.png,LEH1659,1.0,train
crops/train_ec8cbd8066_0.png,BBY780,0.974,train
crops/train_eccc655c43_0.png,LWQ6266,1.0,train
crops/train_ece3f764eb_0.png,MNE17,1.0,train
crops/train_ecf83ce4f3_0.png,BBA969,1.0,train
crops/train_ed3149f7f1_0.png,BSJ143,1.0,train
crops/train_ed472a2e93_0.png,LEF8778,0.999,train
crops/train_ed8231c913_0.png,NII302,0.899,train
crops/train_eda689b2af_0.png,MND1464,0.971,train
crops/train_ee186fcc0a_0.png,LWQ6266,1.0,train
crops/train_ee23c85179_0.png,BRS1500,1.0,train
crops/train_ef1d35764a_0.png,AEJ353,0.998,train
crops/train_efa729f613_0.png,BBA969,0.999,train
crops/train_efb8b8a479_0.png,AUH808,1.0,train
crops/train_efe1b0b10b_0.png,BH001,0.311,train
crops/train_efe1b0b10b_1.png,H3557,0.34,train
crops/train_efe3ad9185_0.png,MNL8185,1.0,train
crops/train_f0432bcfe5_0.png,MNA5007,1.0,train
crops/train_f061f11064_0.png,BEA324,1.0,train
crops/train_f089275b97_0.png,LWQ6266,1.0,train
crops/train_f09dcea00a_0.png,MND486,1.0,train
crops/train_f0b8be5be3_0.png,RN119,0.999,train
crops/train_f0dba0c381_0.png,AHQ397,1.0,train
crops/train_f11e239967_0.png,MN3074,1.0,train
crops/train_f141de7e20_0.png,MNS15,0.779,train
crops/train_f15e62dc1b_0.png,LE13091,0.818,train
crops/train_f21931ecb8_0.png,LEH1659,0.991,train
crops/train_f27ed7ce47_0.png,AKN029,0.989,train
crops/train_f29ecb68ca_0.png,LEH3291,0.999,train
crops/train_f2af32e950_0.png,BBP780,0.886,train
crops/train_f2b99047dd_0.png,BEA324,0.999,train
crops/train_f2f252597e_0.png,LED2112,1.0,train
crops/train_f33d0523de_0.png,AGK713,1.0,train
crops/train_f34e48c236_0.png,LEB46,0.856,train
crops/train_f36cbf8d9f_0.png,BEA324,1.0,train
crops/train_f3ab153770_0.png,IDJ3032,0.992,train
crops/train_f4097f3f6d_0.png,LEH8519,0.955,train
crops/train_f42a33c7e7_0.png,AHQ397,1.0,train
crops/train_f45625a856_0.png,RN1199,0.995,train
crops/train_f473ef260b_0.png,LEE3987,1.0,train
crops/train_f4818173f6_0.png,MNP239,1.0,train
crops/train_f491f90640_0.png,BBY780,0.957,train
crops/train_f50bf1c3f2_0.png,,1.0,train
crops/train_f52105291e_0.png,LEB3277,0.999,train
crops/train_f563d8b00f_0.png,MN2615,1.0,train
crops/train_f5b2aa2a46_0.png,LEH8519,0.998,train
crops/train_f5d0c890e2_0.png,BSJ143,1.0,train
crops/train_f5eceea93b_0.png,ABQ048,0.998,train
crops/train_f645284a39_0.png,BRA195,1.0,train
crops/train_f64b9f8c23_0.png,,1.0,train
crops/train_f64e269995_0.png,BAL874A,0.83,train
crops/train_f64e269995_1.png,AVA599,0.443,train
crops/train_f676a03c94_0.png,AHQ397,1.0,train
crops/train_f72b39d6b4_0.png,ABQ048,1.0,train
crops/train_f730044fa9_0.png,LEA7047,1.0,train
crops/train_f740ce952f_0.png,RN1199,0.989,train
crops/train_f7e49a2769_0.png,BBY780,0.941,train
crops/train_f7f176b3a4_0.png,AEW731,1.0,train
crops/train_f80eb19b98_0.png,BBP664,1.0,train
crops/train_f8704c272f_0.png,LEA7047,1.0,train
crops/train_f881d95501_0.png,LET2817,0.993,train
crops/train_f89cc0d1cc_0.png,BBY780,0.901,train
crops/train_f89f56c27c_0.png,LED3493,1.0,train
crops/train_f8a97c5f85_0.png,BBP664,1.0,train
crops/train_f8b00dfac6_0.png,MNB1393,0.971,train
crops/train_f8bb109b42_0.png,LEH1659,0.955,train
crops/train_f90da7a19e_0.png,AEV,0.544,train
crops/train_f987b24400_0.png,AUNJAA,0.417,train
crops/train_f9feb57b17_0.png,LE18390,0.887,train
crops/train_fa314c18c9_0.png,LED2112,1.0,train
crops/train_fa31508162_0.png,LEE3987,1.0,train
crops/train_fa66bfbe76_0.png,MN108,0.999,train
crops/train_fab4f65ccd_0.png,LEB1194,1.0,train
crops/train_fb3376762c_0.png,RN1199,0.998,train
crops/train_fb93c28eda_0.png,,0.383,train
crops/train_fbd4560368_0.png,QK035,0.9,train
crops/train_fc05f3f6c2_0.png,LE13301B,0.847,train
crops/train_fc08201d89_0.png,LE13399,0.916,train
crops/train_fc1e0349ce_0.png,LEE3987,1.0,train
crops/train_fc2d1ef18f_0.png,AWM072,1.0,train
crops/train_fc2fc62ea8_0.png,LE9088,1.0,train
crops/train_fc320214dc_0.png,LEE3987,1.0,train
crops/train_fc361eee8c_0.png,MN9133,0.989,train
crops/train_fc5c0e427a_0.png,RIS2355,0.998,train
crops/train_fc66c47fd3_0.png,AEK623,1.0,train
crops/train_fcd426d3ac_0.png,AFJ200,1.0,train
crops/train_fd2fbdf4fb_0.png,000,0.368,train
crops/train_fd35b9422c_0.png,BBY780,0.966,train
crops/train_fd67ed02cf_0.png,MNA4164,1.0,train
crops/train_fd97c221af_0.png,FDA1966,1.0,train
crops/train_fdf0c535fb_0.png,LEE3987,1.0,train
crops/train_fe5afed364_0.png,AFJ200,1.0,train
crops/train_fea24bc105_0.png,LEE3136,1.0,train
crops/train_fee49ec3e1_0.png,AGK713,1.0,train
crops/train_fef226b081_0.png,AAZ800,1.0,train
crops/train_ff32627636_0.png,BSJ143,0.998,train
crops/train_ff53c94313_0.png,AUH808,1.0,train
crops/train_ffb8accf8b_0.png,LEE3136,1.0,train
crops/train_ffd7f1db01_0.png,0KN029,0.835,train
crops/train_ffd94457dd_0.png,LEE9121,0.99,train
crops/val_00642f46b9_0.png,BSJ143,1.0,val
crops/val_02802bb108_0.png,MNP239,1.0,val
crops/val_03515cb6c7_0.png,AYT517,1.0,val
crops/val_037fc08460_0.png,AZF292,1.0,val
crops/val_040d220810_0.png,APT884,1.0,val
crops/val_06348bd895_0.png,ABQ048,1.0,val
crops/val_0b758eb6ca_0.png,LEE3987,1.0,val
crops/val_0c5025673a_0.png,BBA969,1.0,val
crops/val_0f1298d549_0.png,AEJ353,1.0,val
crops/val_105accc8df_0.png,QK035,0.996,val
crops/val_10b907508e_0.png,,1.0,val
crops/val_111725674e_0.png,BBP664,0.999,val
crops/val_11da30c24a_0.png,,0.995,val
crops/val_156341f9ef_0.png,LEH3291,0.963,val
crops/val_183b405431_0.png,BEA324,1.0,val
crops/val_1af097fad0_0.png,BBA969,1.0,val
crops/val_1b1d3b2324_0.png,QK035,0.991,val
crops/val_1b73eac9ec_0.png,LRG7450,1.0,val
crops/val_1b78330a3e_0.png,AEJ353,1.0,val
crops/val_1c34a98b8c_0.png,BBP664,1.0,val
crops/val_1cd7f165f7_0.png,AUH808,1.0,val
crops/val_1e1b7b1ce4_0.png,BFX019,1.0,val
crops/val_1f8036ed5a_0.png,IDJ3032,0.973,val
crops/val_20386183c4_0.png,LEF87778,0.798,val
crops/val_2284e23711_0.png,BBP664,1.0,val
crops/val_2917597e0c_0.png,AKN09,0.882,val
crops/val_2a736dcb79_0.png,AJJ256,0.999,val
crops/val_2aab507ea4_0.png,LEH1291,0.963,val
crops/val_2d868ceb2d_0.png,BFX019,1.0,val
crops/val_2e185ca567_0.png,LE4207,1.0,val
crops/val_309affdb1d_0.png,AV705,1.0,val
crops/val_3250df2fd9_0.png,,1.0,val
crops/val_341f7c6a53_0.png,ACC074,0.999,val
crops/val_3434c16e6a_0.png,MN3101,0.991,val
crops/val_35ddeec248_0.png,LWQ6266,1.0,val
crops/val_365ce8e0da_0.png,LEF87781,0.941,val
crops/val_37626cbf43_0.png,,1.0,val
crops/val_3986bc9dd3_0.png,LEF8778,0.999,val
crops/val_3aa8cfd7b2_0.png,RIW8460,1.0,val
crops/val_3c3057eab8_0.png,BZD756,1.0,val
crops/val_3f4674a557_0.png,AVA613,1.0,val
crops/val_4043d96ab6_0.png,LEE3987,0.999,val
crops/val_425079d1f8_0.png,BEA324,1.0,val
crops/val_43f2ecd3ff_0.png,BFX019,1.0,val
crops/val_46ed314b80_0.png,BEA324,1.0,val
crops/val_475b4b795d_0.png,029,0.741,val
crops/val_482be01c37_0.png,,0.999,val
crops/val_484d06026e_0.png,BEA324,0.999,val
crops/val_4943673a9c_0.png,LEH1659,0.998,val
crops/val_499f2f016d_0.png,ABQ048,1.0,val
crops/val_4aa46180cd_0.png,LEF87781,0.968,val
crops/val_50b8e039f3_0.png,RNA1919,0.999,val
crops/val_527885c42a_0.png,AHT889,1.0,val
crops/val_5337f3a41e_0.png,LEE3987,1.0,val
crops/val_543d49d5d6_0.png,AHQ397,1.0,val
crops/val_55c517859a_0.png,MNA2421,1.0,val
crops/val_55fa1b7387_0.png,ADB154,1.0,val
crops/val_574a3e08c0_0.png,AAW430,0.982,val
crops/val_577d81727f_0.png,BBY780,0.965,val
crops/val_57f0a3e19a_0.png,BFX019,1.0,val
crops/val_593ff89d73_0.png,MNA6335,0.999,val
crops/val_59b8f8cefb_0.png,LEH1659,0.999,val
crops/val_5aa6144547_0.png,AAW430,0.977,val
crops/val_5b1c06745d_0.png,BEA324,1.0,val
crops/val_5c91a5eacc_0.png,AFJ200,1.0,val
crops/val_5d525bcc53_0.png,MNA2632,1.0,val
crops/val_5d627b4002_0.png,LWQ6266,0.999,val
crops/val_5e10685b37_0.png,MNA5999,1.0,val
crops/val_60f56b548f_0.png,BSJ143,1.0,val
crops/val_618c8cb058_1.png,AAZ800,1.0,val
crops/val_63330e7df2_0.png,LEH5036,0.988,val
crops/val_692e1d35d0_0.png,LEA1856,1.0,val
crops/val_6966c5bcf3_0.png,BBP664,1.0,val
crops/val_6a39fb2b5b_0.png,29,0.523,val
crops/val_6c6b6b06d2_0.png,AUH808,1.0,val
crops/val_6e2bc05cc1_0.png,RN119,0.977,val
crops/val_6ee11f581d_0.png,AEV628,1.0,val
crops/val_6eeaed0ccb_0.png,LEA5219,1.0,val
crops/val_6fccf02508_0.png,RN1199,0.995,val
crops/val_71fbd258bc_0.png,RIS2355,0.965,val
crops/val_724343a9e8_0.png,AKN029,1.0,val
crops/val_724cc7aa9b_0.png,LE1309I,0.895,val
crops/val_75ae5c829d_0.png,LE18030,0.737,val
crops/val_7810826521_0.png,MK419,1.0,val
crops/val_7810826521_1.png,LD233,0.846,val
crops/val_7810826521_2.png,,0.964,val
crops/val_7a3068b1a0_0.png,LET1313,0.999,val
crops/val_7a656f4b34_0.png,LEA5770,1.0,val
crops/val_7badb90264_0.png,RN119,0.997,val
crops/val_7d5d0e2f1a_0.png,BFX019,1.0,val
crops/val_81080ef42a_0.png,BFX019,0.913,val
crops/val_81a9e7c04c_0.png,LE4697AA,0.998,val
crops/val_824527c69b_0.png,MN9522,0.984,val
crops/val_82618e6663_0.png,LEE3987,1.0,val
crops/val_84affaffe2_0.png,BBP664,1.0,val
crops/val_858cc4706c_0.png,BEA324,1.0,val
crops/val_871a20725f_0.png,LEH1659,0.991,val
crops/val_8745157719_0.png,BRS1500,1.0,val
crops/val_8b3d6ae5e2_0.png,BZD756,1.0,val
crops/val_90215376da_0.png,BZD756,1.0,val
crops/val_903b30a45d_0.png,AHQ397,1.0,val
crops/val_90f503f7a8_0.png,AFJ200,1.0,val
crops/val_92200b4eb7_0.png,BEA324,1.0,val
crops/val_92f53f9943_0.png,MN5125,0.999,val
crops/val_974440323c_0.png,AFJ200,1.0,val
crops/val_97cdebaf1e_0.png,BBY780,0.996,val
crops/val_980e320880_0.png,AFJ200,1.0,val
crops/val_9a0d85af32_0.png,BZD756,1.0,val
crops/val_9b1088f249_0.png,LEH3291,0.999,val
crops/val_9b488b7f49_0.png,AEJ353,1.0,val
crops/val_9bbb2381f5_0.png,AKN029,1.0,val
crops/val_9c124f0ed3_0.png,BBV780,0.921,val
crops/val_9cdbcbb981_0.png,LEA1361,0.998,val
crops/val_9d08ae6fbb_0.png,BFX019,1.0,val
crops/val_9f5061e129_0.png,LEA1999,0.899,val
crops/val_9f99404db3_0.png,LEF3778,0.924,val
crops/val_a0e26ed699_0.png,BBP664,1.0,val
crops/val_a1a998e730_0.png,RN1119B,0.813,val
crops/val_a34b5743a4_0.png,BBY780,0.919,val
crops/val_a64c55cf77_0.png,LEH4829,0.992,val
crops/val_aa14632fbd_0.png,LWQ6266,1.0,val
crops/val_ad0d75fa4a_0.png,BEA324,1.0,val
crops/val_ad242ec93d_0.png,LE13091,0.986,val
crops/val_ad24758f60_0.png,LXR8545,0.951,val
crops/val_b0a9c9e964_0.png,AYT517,1.0,val
crops/val_b232b7418a_0.png,RN1119,0.978,val
crops/val_b4c3c1af2f_0.png,MN3314,0.924,val
crops/val_b4ddce0d98_0.png,MNA6400,0.997,val
crops/val_b521f490fb_0.png,RIS1491,1.0,val
crops/val_b53a72a416_0.png,LEC6608,0.999,val
crops/val_b5b89ddb47_0.png,,0.473,val
crops/val_b5f93945a8_0.png,BEA324,1.0,val
crops/val_b60e48fc22_0.png,AHQ397,1.0,val
crops/val_b68f54c73c_0.png,AFJ200,1.0,val
crops/val_b696a57cba_0.png,,0.839,val
crops/val_b722d75538_0.png,BZD756,1.0,val
crops/val_b73e908590_0.png,AKN029,1.0,val
crops/val_b776d02ae6_0.png,LEC3393,0.999,val
crops/val_b790ede294_0.png,LWQ6266,1.0,val
crops/val_b94a80d7cc_0.png,AUH808,1.0,val
crops/val_ba02d8d53d_0.png,LBA9363,0.839,val
crops/val_baf30ce97b_0.png,AEJ353,1.0,val
crops/val_beaddb48c2_0.png,10D43311,0.852,val
crops/val_bf036b9b49_0.png,RNE5556,1.0,val
crops/val_bf100eb9a8_0.png,MLH8882,1.0,val
crops/val_c0d856237e_0.png,MN1821,1.0,val
crops/val_c25fed015c_0.png,BZD754,0.934,val
crops/val_c5aaab058f_0.png,AHQ397,1.0,val
crops/val_c734cc4668_0.png,LEH3291,0.999,val
crops/val_c7fa76ff68_0.png,MN1719,1.0,val
crops/val_c83b958567_1.png,AHT889,1.0,val
crops/val_c8b785eb90_0.png,LZ4897,1.0,val
crops/val_c90ae42e10_0.png,OK035,0.949,val
crops/val_c9a9e9242a_0.png,ABQ048,0.991,val
crops/val_c9e619b009_0.png,LEA7047,1.0,val
crops/val_ccbd03b7ab_0.png,LEI9945,1.0,val
crops/val_cdeb6dd817_0.png,GAM1605,1.0,val
crops/val_cebb379ae9_0.png,BBA969,1.0,val
crops/val_cfef5d5bbd_0.png,LEF1406,0.959,val
crops/val_d06f4a68ee_0.png,SLF7464,1.0,val
crops/val_d1643658a7_0.png,LEI9945,0.997,val
crops/val_d2b01ca781_0.png,LEJ1637,0.998,val
crops/val_d36b217e66_0.png,LEC1917,0.998,val
crops/val_d5cdf34a05_0.png,LEA9854,1.0,val
crops/val_d7689d2f8c_0.png,SY076,0.762,val
crops/val_d8f43aad90_0.png,AHT889,1.0,val
crops/val_d8f43aad90_1.png,AHT889,1.0,val
crops/val_d9e398a3d7_0.png,LEE3987,1.0,val
crops/val_da8c986ba6_0.png,MNA2206,1.0,val
crops/val_dd397fefa8_0.png,BBA969,0.999,val
crops/val_de4939199c_0.png,LEE6690,0.945,val
crops/val_deb6cfa584_0.png,EF562,0.999,val
crops/val_dfcfef741d_0.png,AEJ353,1.0,val
crops/val_e03dd0b00e_0.png,BBV780,0.94,val
crops/val_e0bb11342c_0.png,MLL9177,1.0,val
crops/val_e3f070c4c4_0.png,AEJ353,1.0,val
crops/val_e6e00bf517_0.png,AEK623,1.0,val
crops/val_e7ad9e39b7_0.png,BBP664,1.0,val
crops/val_e869a65064_0.png,AEV628,0.999,val
crops/val_edcfdb2b6c_0.png,AFJ200,1.0,val
crops/val_f459ffdd24_0.png,LEH1659,0.998,val
crops/val_f4a3e4a391_0.png,019,0.66,val
crops/val_f5568bdc83_0.png,LEF8778,0.998,val
crops/val_f66e0a3db4_0.png,LEB4524,1.0,val
crops/val_f6dacde1b5_0.png,MN13355,0.824,val
crops/val_f782b2f656_0.png,AHQ397,1.0,val
crops/val_f79fa5164a_0.png,BSJ143,1.0,val
crops/val_f8a456eadd_0.png,ABQ048,1.0,val
crops/val_fa7c79c952_0.png,AEJ353,0.999,val
crops/val_fd08d5a726_0.png,AFJ200,0.999,val
crops/val_fd233d40cc_0.png,V0V,0.612,val
crops/val_fff1098a20_0.png,MNA3675,1.0,val
