image_path,plate_text
crops/train_0007ec829d_0.png,MNA3675
crops/train_0066d9ee76_0.png,BB3914
crops/train_008ff42256_0.png,AGK713
crops/train_00ef47e960_0.png,BRS1500
crops/train_00ff947892_0.png,LEE3987
crops/train_01cdd1c1cb_0.png,LEH1659
crops/train_0217759572_0.png,VX814
crops/train_023f12b166_0.png,AEJ353
crops/train_02e63892dd_0.png,BBP664
crops/train_02fa75529c_0.png,MNA2206
crops/train_03581ad2a0_0.png,AHQ397
crops/train_03c932db09_0.png,AFJ200
crops/train_049473c5aa_0.png,LE1309
crops/train_04e88990a0_0.png,TA642
crops/train_052c8315f7_0.png,MN599
crops/train_0644f2b7d4_0.png,BSJ143
crops/train_06c3ea26f1_0.png,BRA195
crops/train_06da5cfaae_0.png,BFX019
crops/train_06ea79218b_0.png,LE3426A
crops/train_070a7a6dac_0.png,ABQ048
crops/train_079948bec5_0.png,AKN029
crops/train_079ae97b9a_0.png,LEH1659
crops/train_083d7802e8_0.png,LEF8778
crops/train_084fabfdba_0.png,BSJ143
crops/train_086a45f6a5_0.png,LEE9091
crops/train_0881b81a67_0.png,MND486
crops/train_0915639cd1_0.png,LEF8755
crops/train_098e71701b_0.png,AHQ397
crops/train_0a3d5ae53b_0.png,AEK623
crops/train_0a65da0c81_0.png,ABQ048
crops/train_0abb2257e0_0.png,ABQ048
crops/train_0ad6e88b70_0.png,AFJ200
crops/train_0b71a56b89_0.png,LEE3987
crops/train_0b983b4388_0.png,LEH1659
crops/train_0bde3d9cc0_0.png,LWQ6266
crops/train_0bf67c46dc_0.png,BBA969
crops/train_0c2f047c0b_0.png,LEA7047
crops/train_0c51f605d4_0.png,LEH3291
crops/train_0c5835571a_0.png,BBA969
crops/train_0c7cb3e062_0.png,AUH808
crops/train_0c7e135c37_0.png,LEA5770
crops/train_0c7f9c1188_0.png,LEF8778
crops/train_0cb7c90fea_0.png,MLE4008
crops/train_0dbeff46e7_0.png,LE1309
crops/train_0dd9d67c17_0.png,BSJ143
crops/train_0df53de9d7_0.png,LEF8778
crops/train_0e021412fa_0.png,LE5822
crops/train_0e0c438914_0.png,RN119
crops/train_0e71b15750_0.png,BZD756
crops/train_0e93b2d440_0.png,LED4509
crops/train_0ebadf9b43_0.png,RN119
crops/train_0f0495d1dc_0.png,MN1768
crops/train_0f2e461445_0.png,LEB4524
crops/train_10074f35cb_0.png,AWM072
crops/train_10409db4a7_0.png,MLE4008
crops/train_10b1747e6d_0.png,ABQ048
crops/train_115977e1af_0.png,LEH3291
crops/train_116332c467_0.png,BBP664
crops/train_11681b9792_0.png,BBA969
crops/train_1176fd6f93_0.png,BEA324
crops/train_11878cae97_0.png,LEB3187
crops/train_1197ed0ac1_0.png,QK035
crops/train_11e2f3422b_0.png,ACZ853
crops/train_11f5d17e09_0.png,AUH808
crops/train_123f39d7aa_0.png,LWQ6266
crops/train_12704a18d9_0.png,MLN2791
crops/train_129dddb947_0.png,LEA7047
crops/train_12ac5dcad9_0.png,LEE3987
crops/train_12d09158c6_0.png,BF2963
crops/train_13e6ab7c86_0.png,BBP664
crops/train_13ef7ab4ad_0.png,LRR6650
crops/train_1408fb1fa0_0.png,LEC5112
crops/train_140aba09a5_0.png,RIV6070
crops/train_14d0596102_0.png,LED1003
crops/train_14d426f770_0.png,BZD756
crops/train_1577b9812d_0.png,BSJ143
crops/train_15f2ae1463_0.png,AHT889
crops/train_15f490a61f_0.png,AHQ397
crops/train_161e8e3731_0.png,QK035
crops/train_165450ade0_0.png,IDJ3032
crops/train_1655bda71f_0.png,AEK623
crops/train_1659f5d990_0.png,RN119
crops/train_168a535640_0.png,ABQ048
crops/train_169882f48e_0.png,LEC7419
crops/train_171e83ab02_0.png,LEE3987
crops/train_1731aeed8a_0.png,AEK623
crops/train_173f343123_0.png,LEJ1637
crops/train_17ae300d1c_0.png,LZO2288
crops/train_17dabe3aa8_0.png,AGK713
crops/train_18450043c8_0.png,LE1309
crops/train_18bcdc5f90_0.png,BEA324
crops/train_19224ba443_0.png,MK419
crops/train_194dddda6a_0.png,LWQ6266
crops/train_19e9d81b25_0.png,AEK623
crops/train_19f769b0c3_0.png,QK035
crops/train_19fea2449c_0.png,AEK623
crops/train_1a3f595b0d_0.png,AHT889
crops/train_1b03aaf7e7_0.png,RIV6070
crops/train_1b13e30983_0.png,AFJ200
crops/train_1b9baff4e3_0.png,AEK623
crops/train_1bf385784f_0.png,LEH1659
crops/train_1bf519043b_0.png,BGJ076
crops/train_1c5cd93f52_0.png,MND325
crops/train_1c5fa2fd71_0.png,AHQ397
crops/train_1ca07c6895_0.png,MNF602
crops/train_1d069cdeca_0.png,AUH808
crops/train_1d36cd3a94_0.png,AEJ353
crops/train_1d469a1e40_0.png,AEK623
crops/train_1d4c8410f5_0.png,BF373
crops/train_1d7532d63c_0.png,LRV8227
crops/train_1d835c71ce_0.png,ABQ048
crops/train_1db2034574_0.png,AGK713
crops/train_1dfcff4f4c_0.png,JJ157
crops/train_1e0648fa22_0.png,RN119
crops/train_1e0a12ddf6_0.png,MNA3685
crops/train_1f21072f1d_0.png,AHT889
crops/train_1f5f81f8e8_0.png,QK035
crops/train_204e268e65_0.png,MN2262
crops/train_20b64ce59d_0.png,VU794
crops/train_20d9498fc0_0.png,LEH3291
crops/train_21825052a3_0.png,LEH3291
crops/train_21833aba3d_0.png,LEF8778
crops/train_21addf39f4_0.png,MN1367
crops/train_21ff7df671_0.png,BEA324
crops/train_22108bb416_0.png,LE1309
crops/train_2267f133f0_0.png,ABQ048
crops/train_226d1caab7_0.png,AEK623
crops/train_228c94de4d_0.png,BZD756
crops/train_229163fb33_0.png,AKN029
crops/train_232a41c728_0.png,LEH3743
crops/train_236e13bca4_0.png,AUH808
crops/train_23c5300187_0.png,SY076
crops/train_23d33d2de9_0.png,BFX019
crops/train_23ffdd0af7_0.png,LEF8778
crops/train_24683ad17b_0.png,RN119
crops/train_2470c94dea_0.png,BEA324
crops/train_24de22ce83_0.png,AFJ200
crops/train_24f5c9e83a_0.png,BZD756
crops/train_25778e4b05_0.png,KW99
crops/train_25afa8b1f7_0.png,LEA5989A
crops/train_261ca5e1f9_0.png,LEH6314
crops/train_2647d30ed9_0.png,BBP664
crops/train_2655447877_0.png,LEA7047
crops/train_265d908f96_0.png,LED7305
crops/train_26607f6893_0.png,LEA7047
crops/train_2664dc385a_0.png,RN119
crops/train_266b74402e_0.png,LEJ1637
crops/train_267dcf2f48_0.png,LET2817
crops/train_270c7b15c9_0.png,RN119
crops/train_270fcdd454_0.png,LEA5219
crops/train_27163e9474_0.png,LEB4524
crops/train_27ced65921_0.png,BFX019
crops/train_2808da9300_0.png,LEH1659
crops/train_283c6d545d_0.png,AUH808
crops/train_2873c0621c_0.png,RN119
crops/train_28c800a09f_0.png,BBA969
crops/train_291eef49d7_0.png,BZD756
crops/train_2940f1ebe5_0.png,AGK713
crops/train_299157f251_0.png,AEK623
crops/train_29f1c33544_0.png,LEA7047
crops/train_2a0b988844_0.png,AGK713
crops/train_2a307917d2_0.png,JJ157
crops/train_2a3ed0db0a_0.png,MN720
crops/train_2a60926c88_0.png,AUH808
crops/train_2a853ebc39_0.png,APT884
crops/train_2af4ae9784_0.png,RN119
crops/train_2b519be386_0.png,ABQ048
crops/train_2b6d6e6b36_0.png,LEH1659
crops/train_2b9b1f8f73_0.png,AKN029
crops/train_2bcdecfc74_0.png,RN119
crops/train_2bd934235a_0.png,LED7305
crops/train_2c27e25720_0.png,BBP664
crops/train_2c3a8cb0d1_0.png,RN119
crops/train_2c4a8dce37_0.png,QK035
crops/train_2c58499206_0.png,BSJ143
crops/train_2c9c60db73_0.png,AUH808
crops/train_2cbf59cd5f_0.png,BF2963
crops/train_2cc07d778a_0.png,LEA3334A
crops/train_2cf325460f_0.png,MNA5645
crops/train_2d29b8e15c_0.png,AGK713
crops/train_2d52e3bdbd_0.png,LWQ6266
crops/train_2d584d3858_0.png,LEA7047
crops/train_2d7130a249_0.png,LEC7212
crops/train_2db84eb928_0.png,AGK713
crops/train_2e05673a9d_0.png,LEB3766
crops/train_2e3c9d1b4e_0.png,RN119
crops/train_2e66cc23df_0.png,BSJ143
crops/train_2e795fd74e_0.png,AHQ397
crops/train_2ec6a3337e_0.png,AHT889
crops/train_2eeb2fdbac_0.png,LEC1487
crops/train_2f1cd80462_0.png,AEK623
crops/train_2f9da7b8cb_0.png,LEA7047
crops/train_2fbc8609ea_0.png,AGK713
crops/train_30045dd386_0.png,LE1051
crops/train_301ab058f1_0.png,AGK713
crops/train_305298c680_0.png,BBA969
crops/train_30758ef296_0.png,BBA969
crops/train_30a2d78baa_0.png,QK035
crops/train_30aef74d6a_0.png,BBA969
crops/train_30c0ae2163_0.png,AHT889
crops/train_310729a127_0.png,MNL8185
crops/train_3179c6ce01_0.png,AFJ200
crops/train_31a52d5772_0.png,LEA9300
crops/train_31ad978811_0.png,LEE3987
crops/train_31b101fe32_0.png,LEH1659
crops/train_31b783f081_0.png,AEK623
crops/train_320980be28_0.png,ABQ048
crops/train_3223dbd2d3_0.png,LEF1406
crops/train_3251565bbc_0.png,BEA324
crops/train_3277ef5451_0.png,AFJ200
crops/train_32c89a6142_0.png,LEA7047
crops/train_33181dafe2_0.png,SLF7464
crops/train_3348755bbe_0.png,LEH1659
crops/train_3370713021_0.png,AEK623
crops/train_339045fbf8_0.png,AKN029
crops/train_340ddb99b8_0.png,BBP664
crops/train_342eb24e41_0.png,AZF292
crops/train_34568a3656_0.png,LEA2208
crops/train_3459e1d483_0.png,AKN029
crops/train_34dc75e7ab_0.png,LED5620
crops/train_34e2f69999_0.png,AHT889
crops/train_34fad0d073_0.png,BBA969
crops/train_3514c8e72d_0.png,AEK623
crops/train_3524e38d80_0.png,BFX019
crops/train_3539912490_0.png,MNB419
crops/train_35abcff8cf_0.png,MNA2206
crops/train_35d27d6b22_0.png,AHT889
crops/train_3603273e7d_0.png,LET2817
crops/train_3633993f46_0.png,AEK623
crops/train_365414bbcd_0.png,LEH3291
crops/train_365fc9e91f_0.png,RN119
crops/train_367b24c600_0.png,BFX019
crops/train_369c824b75_0.png,MNA2993
crops/train_36b922d73a_0.png,BZD756
crops/train_36bee74dd1_0.png,BBP664
crops/train_371a1ca098_0.png,LE1309
crops/train_3732b379e0_0.png,MNA3415
crops/train_37531b02d7_0.png,LEA9300
crops/train_376321f173_0.png,AFJ200
crops/train_37ea16a94a_0.png,BBP664
crops/train_3816589dd5_0.png,AEJ353
crops/train_3836b073ee_0.png,BBA969
crops/train_3891b88a71_0.png,AUH808
crops/train_3891e1d37c_0.png,LEH1659
crops/train_38c91354e3_0.png,AKN029
crops/train_38f1595de4_0.png,LWQ6266
crops/train_38f2274124_0.png,QK035
crops/train_396a5c8fd2_0.png,AEJ353
crops/train_3a53fad471_0.png,AEJ353
crops/train_3ab1dedd7b_0.png,LEE3987
crops/train_3ac6136e77_0.png,ADS654
crops/train_3b6e207253_0.png,LE1309
crops/train_3b7e230a06_0.png,LEH3743
crops/train_3b9af6d700_0.png,AHQ397
crops/train_3bae1cc897_0.png,MND690
crops/train_3bb0a28877_0.png,BBP664
crops/train_3be7016d5f_0.png,LEF8778
crops/train_3c002fdc1d_0.png,AGK713
crops/train_3c14588b46_0.png,LEF8778
crops/train_3c85b4ced6_0.png,BEA324
crops/train_3c9e5f2b3e_0.png,AFJ200
crops/train_3ce6338e9c_0.png,LZO2288
crops/train_3d4d919bc6_0.png,AEJ353
crops/train_3d83d8db14_0.png,MND1357
crops/train_3d8e469f9d_0.png,IDJ3032
crops/train_3d9669e137_0.png,BSJ143
crops/train_3de64efd3c_0.png,AHQ397
crops/train_3e0acc2329_0.png,LEE3987
crops/train_3e0afeae48_0.png,LEB5040
crops/train_3e4878be86_0.png,RIS1491
crops/train_3e650ab0a1_0.png,RN119
crops/train_3ecfe1d7b9_0.png,FSA5750
crops/train_3f759d1e09_0.png,MNA2993
crops/train_400ea143a1_0.png,AHT889
crops/train_4029a107dc_0.png,MNA2206
crops/train_4038a5ea79_0.png,MN3215
crops/train_406115ccbf_0.png,AKN029
crops/train_406ce065e1_0.png,LEH1659
crops/train_40cd0a1ba7_0.png,LRQ8247
crops/train_40e2901162_0.png,AHQ397
crops/train_410be92a4f_0.png,LED2099
crops/train_4128ad05a2_0.png,RN119
crops/train_414ed65545_0.png,LZ4897
crops/train_4157f4748b_0.png,QK035
crops/train_417b095d3b_0.png,BFX019
crops/train_42974df112_0.png,LEB3277
crops/train_429b43ff62_0.png,LEF8778
crops/train_4303712402_0.png,ABQ048
crops/train_430b8d1a0e_0.png,LE1309
crops/train_433d98218b_0.png,KW99
crops/train_4346e6588e_0.png,AEJ353
crops/train_4394c55997_0.png,LEA7047
crops/train_43b2193c2f_0.png,RIV6070
crops/train_43debfb318_0.png,ARD270
crops/train_43f8da57ff_0.png,AEK623
crops/train_4453659251_0.png,LEF8778
crops/train_4470b65512_0.png,AHT889
crops/train_448292d1ac_0.png,MN4480
crops/train_4484cdc87e_0.png,AHQ397
crops/train_44e0dd4db7_0.png,AEJ353
crops/train_44e3ab4815_0.png,LWQ6266
crops/train_4510bcbc36_0.png,RN119
crops/train_45a64f8063_0.png,LEH6314
crops/train_45b88fbc13_0.png,LEE3987
crops/train_45ea1c143e_0.png,LEE3987
crops/train_45ea348bdb_0.png,MND690
crops/train_4608bb8d7f_0.png,BBA969
crops/train_460f03776e_0.png,FSA5750
crops/train_465dd9ed62_0.png,LEH1659
crops/train_466e308649_0.png,AEK623
crops/train_4683e46c8b_0.png,BSJ143
crops/train_469db23f6e_0.png,LEB5040
crops/train_46f92baf43_0.png,ABQ048
crops/train_473cbfc02e_0.png,LEE6907
crops/train_474b328b55_0.png,LEE3987
crops/train_4759391f33_0.png,LWQ6266
crops/train_47b0ae028f_0.png,BSJ143
crops/train_47c309405f_0.png,LEE5855
crops/train_487314026b_0.png,BSJ143
crops/train_48c8ecea52_0.png,LEE6690
crops/train_48d936632f_0.png,MNE103
crops/train_48dc4148f0_2.png,AUU294
crops/train_48e57245b4_0.png,LEH1659
crops/train_490aae4f0b_0.png,BRS1500
crops/train_497280a334_0.png,AEH344
crops/train_49b300c1b4_0.png,LEA7047
crops/train_49dae99d06_0.png,AWM072
crops/train_4a48754eb4_0.png,AHQ397
crops/train_4aaa059d3d_0.png,BBP664
crops/train_4af4b25fac_0.png,LEF8778
crops/train_4b08b6a2d9_0.png,AHT889
crops/train_4b17bf2909_0.png,LED2099
crops/train_4b27e67801_0.png,RIP8055
crops/train_4b7c7e0539_0.png,AHQ397
crops/train_4bac34cc10_0.png,QK035
crops/train_4c33ae08d8_0.png,BEA324
crops/train_4cd7e07137_0.png,VX814
crops/train_4ddc578755_0.png,LED2835
crops/train_4df4e2face_0.png,BEA324
crops/train_4ebe0eda41_0.png,AEK623
crops/train_4ef011c98b_0.png,AGK713
crops/train_4f2e31f459_0.png,BBA969
crops/train_4f7c25dc71_0.png,QK035
crops/train_4f903da8e1_0.png,ACZ853
crops/train_4fee1b4a93_0.png,AVK062
crops/train_4ffcec19d3_0.png,BZD756
crops/train_50921f5303_0.png,LEE3987
crops/train_50a11a3b96_0.png,LED2112
crops/train_50fb8f3b3b_0.png,LD296
crops/train_5108f6e8d3_0.png,BZD756
crops/train_5128aa2768_0.png,LEB3766
crops/train_512c0a4f4d_0.png,AGK713
crops/train_515e95ef3c_0.png,AEK623
crops/train_517fb389c9_0.png,MNA3685
crops/train_51b4263e76_0.png,MNA3116
crops/train_527cd328af_0.png,RNE5556
crops/train_5306e5d1d6_0.png,AMU862
crops/train_53321c9fbd_0.png,BEA324
crops/train_5349b4b562_0.png,BBP664
crops/train_536f77afc9_0.png,LEA2208
crops/train_53b85f7e7a_0.png,LED7305
crops/train_53b8ae3f79_0.png,BEA324
crops/train_53f70cf544_0.png,BSJ143
crops/train_5455d5fcb4_0.png,BFX019
crops/train_54b95b0a8c_0.png,LEA7047
crops/train_54cd4ae9b3_0.png,LEI7431
crops/train_54f0f0550a_0.png,BZD756
crops/train_5520fb6184_0.png,RIP1096
crops/train_552c077c9a_0.png,AFB769
crops/train_55513c7b28_0.png,AW694
crops/train_555c8eb564_0.png,MLH8882
crops/train_5573429641_0.png,MND464
crops/train_55794afd08_0.png,BZD756
crops/train_55e5ab3094_0.png,AFJ200
crops/train_56083fea62_0.png,MN4480
crops/train_5622a69cf2_0.png,LEH1659
crops/train_5625b290ad_0.png,RN119
crops/train_56bd1c4412_0.png,AW694
crops/train_56fb574c00_0.png,AUH808
crops/train_572039fe99_0.png,LWQ6266
crops/train_574aef59a3_0.png,MNB393
crops/train_575fb5b394_0.png,AGZ818
crops/train_5805af63ab_0.png,AEJ353
crops/train_58701771d5_0.png,AHQ397
crops/train_5878c2b1aa_0.png,BSJ143
crops/train_588ed6c53f_0.png,BFX019
crops/train_58ee12c41f_0.png,LWQ6266
crops/train_5908bd8edd_0.png,EW080
crops/train_592ad0da7f_0.png,LEH1659
crops/train_5953b6b3b3_0.png,LWQ6266
crops/train_59846c06bc_0.png,AHQ397
crops/train_598ac2878c_0.png,AHQ397
crops/train_5a04a56c29_0.png,BBP664
crops/train_5a60c2c223_0.png,LEA7047
crops/train_5aa9974a5c_0.png,LEB7814
crops/train_5bc46d08fd_0.png,AFJ200
crops/train_5bede92f8e_0.png,AEJ353
crops/train_5bef8a265c_0.png,MLE4008
crops/train_5bfbd76a0e_0.png,AKN029
crops/train_5c20729d5a_0.png,MNE412
crops/train_5c28432b70_0.png,AHT889
crops/train_5c699b9465_0.png,BSJ143
crops/train_5cd123c42d_0.png,AUH808
crops/train_5cdabdca9c_0.png,BZD756
crops/train_5d26f9bac7_0.png,QK035
crops/train_5d2b4e3d3e_0.png,APT884
crops/train_5d3c11f813_0.png,LWQ6266
crops/train_5d7f1e731c_0.png,LEH6314
crops/train_5defa38b93_0.png,LEE3987
crops/train_5e40461e68_0.png,AEJ353
crops/train_5e7bbb013a_0.png,LE1309
crops/train_5eb15f7761_0.png,LEH3291
crops/train_5f27523377_0.png,GAZ4205
crops/train_5f3b46912e_0.png,LEA7047
crops/train_5f44d2e28f_0.png,LEH1659
crops/train_5f489338bc_0.png,LET1313
crops/train_5f90c48442_0.png,AEK623
crops/train_5faf235569_0.png,LWQ6266
crops/train_5fafafc098_0.png,BBP664
crops/train_600723e9c6_0.png,MN385
crops/train_602d0643ce_0.png,AEK623
crops/train_6034c63f63_0.png,ABQ048
crops/train_6041db6fd2_0.png,BEA324
crops/train_60468439c9_0.png,BSJ143
crops/train_60b4a55c88_0.png,AHT889
crops/train_60e3caad7e_0.png,ABQ048
crops/train_61697687de_0.png,BFX019
crops/train_6197009145_0.png,LEF8778
crops/train_6240a5680e_0.png,BBA969
crops/train_6269f27f36_0.png,MN4708
crops/train_628eda808d_0.png,MN4708
crops/train_62b44aa9e2_0.png,BBA969
crops/train_6345105385_0.png,RN119
crops/train_63586cc0e3_0.png,MNC732
crops/train_6387fe5762_0.png,MNA3082
crops/train_6392bdb906_0.png,AHQ397
crops/train_63dc34d9c6_0.png,AHQ397
crops/train_6442412745_0.png,ABQ048
crops/train_6445bb7a84_0.png,AJJ432
crops/train_646a543e35_0.png,AKN029
crops/train_64b558b41b_0.png,LED2835
crops/train_64c3f7b508_0.png,LWQ6266
crops/train_64d2a731b8_0.png,AKN029
crops/train_6504636b27_0.png,AEA591
crops/train_6509d7404b_0.png,LEH3291
crops/train_6585d84a80_0.png,AGK713
crops/train_6594170d7c_0.png,LE1309
crops/train_6609d987d5_0.png,LE1309
crops/train_66db3d29b3_0.png,LEB121
crops/train_675bea1fcf_0.png,MNA5645
crops/train_67746a7e62_0.png,MNF138
crops/train_67f4ecb78a_0.png,LEH1659
crops/train_68081a5e06_0.png,SLF7464
crops/train_681ef59589_0.png,LEH3291
crops/train_682f8f074a_0.png,MNL8185
crops/train_6840b8f671_0.png,BB3914
crops/train_6871268a3f_0.png,AEJ353
crops/train_68e9205494_0.png,BBA969
crops/train_68f55fabe2_0.png,AHT889
crops/train_6913bd87f9_0.png,QK035
crops/train_699fb6540a_0.png,IDD7627
crops/train_69a4ac69dc_0.png,AKN029
crops/train_69adc2ee1f_0.png,LEH7395
crops/train_69d262c99d_0.png,LEH3291
crops/train_69fa1c740a_0.png,LEE3987
crops/train_69ff8b62fc_0.png,LWQ6266
crops/train_6a162eb2a1_0.png,LEF8778
crops/train_6a62ac97bc_0.png,RLD1233
crops/train_6a9556ec65_0.png,MN856
crops/train_6aa4e2d943_0.png,AFJ200
crops/train_6b05744fea_0.png,BBP664
crops/train_6b4f7af406_0.png,LWQ6266
crops/train_6b53cc1459_0.png,LEE3987
crops/train_6b5464c6ed_0.png,ABQ048
crops/train_6bc73aaa64_0.png,AEJ353
crops/train_6bd60ecc54_0.png,ABQ048
crops/train_6c15034ca4_0.png,AGK713
crops/train_6c484dc8c4_0.png,ABQ048
crops/train_6c6cfd2328_0.png,AHQ397
crops/train_6ca711a0ed_0.png,LEF8778
crops/train_6caf6e68b2_0.png,ABQ048
crops/train_6cb2f1ec7d_0.png,LEH1659
crops/train_6cb60050bc_0.png,LED538
crops/train_6cdf5e195b_0.png,BZD756
crops/train_6d2c7437f1_0.png,ARG071
crops/train_6d5503ff65_0.png,LE3161
crops/train_6dc1fd5be9_0.png,BZD756
crops/train_6dcc65fe5b_0.png,BEA324
crops/train_6e02baa619_0.png,BEA324
crops/train_6e31bdfb7c_0.png,AUH808
crops/train_6e4806635e_0.png,LEH3743
crops/train_6e86f0a3b8_0.png,LEH3291
crops/train_6f0fc98e2e_0.png,LE2975
crops/train_6f7517733d_0.png,LEE5855
crops/train_6f9c3ac33a_0.png,LEF8778
crops/train_6fb2c8c9e8_0.png,BSJ143
crops/train_6fcc21e348_0.png,AV705
crops/train_6fedb19493_0.png,MND325
crops/train_7028c95d23_0.png,LEB5391
crops/train_704aeb0985_0.png,IDD4311
crops/train_70b1ca47ce_0.png,BFX019
crops/train_70f95fa1cb_0.png,AUH808
crops/train_711ba2174f_0.png,LEF8778
crops/train_7121fddc96_0.png,AHT889
crops/train_715383e5c8_0.png,RNE5556
crops/train_716da1484d_0.png,AEJ353
crops/train_717d698c1c_0.png,RLD1233
crops/train_71e93e4d0d_0.png,AUH808
crops/train_720c1bc458_0.png,LE1309
crops/train_726228cc4d_0.png,LEA9000
crops/train_72d4108119_0.png,ABQ048
crops/train_7330657786_0.png,AEA591
crops/train_739a5fed2a_0.png,AEK623
crops/train_73c938829c_0.png,AEJ353
crops/train_73cba20d3e_0.png,MN1768
crops/train_73d733c0ba_0.png,MLN2791
crops/train_73de4ba8cd_0.png,MNA1554
crops/train_7452b5c234_0.png,LEF8778
crops/train_7483674d5e_0.png,AHT889
crops/train_74a86eecb3_0.png,LEA7047
crops/train_74c2d7a1d4_0.png,LEE3987
crops/train_74ef3db8a8_0.png,QK035
crops/train_74f75faeae_0.png,BEA324
crops/train_74f9bf2252_0.png,AKN029
crops/train_753e07eaaa_0.png,AGB389
crops/train_758f68e893_0.png,AHQ397
crops/train_75a8682069_0.png,AZF292
crops/train_760d879911_0.png,LEF8778
crops/train_76226e4064_0.png,RIP1096
crops/train_76a6457043_0.png,BBP664
crops/train_76c7403235_0.png,MNF948
crops/train_76d3dc5b1f_0.png,LEF8778
crops/train_77003e05c3_0.png,LWQ6266
crops/train_77979310cc_0.png,RN119
crops/train_779f9c0d49_0.png,AHT889
crops/train_77aebf0945_0.png,LWQ6266
crops/train_7809cdd242_0.png,LEH3291
crops/train_781a41cadf_0.png,BBA969
crops/train_782f9d6021_0.png,MN2906
crops/train_78af0b3a62_0.png,RIL1051
crops/train_7903c8a59c_0.png,MNA3082
crops/train_7941da1334_0.png,AUH808
crops/train_798e4fa279_0.png,AUU294
crops/train_7999dfa73d_0.png,BRS1500
crops/train_79ac21389c_0.png,BFX019
crops/train_79ca96e7d8_0.png,BFX019
crops/train_7a7bc72ad8_0.png,MN952
crops/train_7aa1c67e6b_0.png,AHQ397
crops/train_7b45e10b8f_0.png,MNA2421
crops/train_7b96807f4e_0.png,AKN029
crops/train_7bb5407c9b_0.png,LEH1659
crops/train_7bd119f59b_0.png,AUH808
crops/train_7bfeed7b3c_0.png,LEC1729
crops/train_7c18cfeb09_0.png,BSJ143
crops/train_7c9e6db8bf_0.png,LEC5112
crops/train_7cce8dc0ca_0.png,LWQ6266
crops/train_7d1dcc3f29_0.png,LEE2658
crops/train_7d20fd7d7c_0.png,AEK623
crops/train_7d7c82b6e6_0.png,AFJ200
crops/train_7dbc4f53ec_0.png,LEH1659
crops/train_7dc73f6957_0.png,AGK713
crops/train_7e6bf6a02f_0.png,LEF8778
crops/train_7e8a3205ef_0.png,LWQ6266
crops/train_7ea5e0c535_0.png,LE1309
crops/train_7f152b6b11_0.png,LEF8778
crops/train_7f5e2b644e_0.png,QK035
crops/train_7f5f7f0660_0.png,BBA969
crops/train_7f80346728_0.png,LWQ6266
crops/train_7fa627cf7a_0.png,MNE254
crops/train_7fdd7d5ef4_0.png,MNA4779
crops/train_7fdfefa668_0.png,BZD756
crops/train_7ff28ec9ea_0.png,LED538
crops/train_7ff3479147_0.png,LEE3987
crops/train_8000491ba5_0.png,AEK623
crops/train_809438d96d_0.png,AV705
crops/train_80c3787748_0.png,LWQ6266
crops/train_80db94b99c_0.png,ABQ048
crops/train_80ec50e2b8_0.png,RIM9346
crops/train_80f6a138e6_0.png,LEH1659
crops/train_813014676f_0.png,MNE884
crops/train_815b9b5366_0.png,AJJ432
crops/train_8164217d2a_0.png,AHT889
crops/train_8179617096_0.png,MNF679
crops/train_8192fa76e8_0.png,QK035
crops/train_81ade90e13_0.png,QK035
crops/train_81d2c994ec_0.png,BFX019
crops/train_822e0ff362_0.png,AHQ397
crops/train_827bb6db60_0.png,AEK623
crops/train_82acf60ddc_0.png,QK035
crops/train_82e1de5e25_0.png,ABQ048
crops/train_82e7c09a0e_0.png,LEH1659
crops/train_82f53fa0bf_0.png,RN119
crops/train_8306e380bb_0.png,BBP664
crops/train_830b35ab2f_0.png,RIS1198
crops/train_831966cca3_0.png,AZF292
crops/train_83246c95ba_0.png,BEA324
crops/train_83488e510f_0.png,LEE1756
crops/train_835305f261_0.png,BZD756
crops/train_838fd29454_0.png,RN119
crops/train_83d1776539_0.png,QK035
crops/train_83eb93caa6_0.png,LEC7419
crops/train_83f283ff21_0.png,LEH1659
crops/train_83f58e58db_0.png,BFX019
crops/train_84449cc805_0.png,ASK968
crops/train_8484bfa85c_0.png,LEF8778
crops/train_84a03fa1b0_0.png,AHT889
crops/train_850d386845_0.png,AUH808
crops/train_858bc64cfd_0.png,BFX019
crops/train_85efa3ac7f_0.png,AKN029
crops/train_860bf87e2d_0.png,AKN029
crops/train_86238f0168_0.png,MN1367
crops/train_865e169da1_0.png,RIS1119
crops/train_868ece65aa_0.png,AFJ200
crops/train_8692495b8f_0.png,AUH808
crops/train_86f74b5398_0.png,BBA969
crops/train_873d78a773_0.png,LE1309
crops/train_8773cbb75d_0.png,LE5529
crops/train_8775933bc5_0.png,LED2835
crops/train_87ec9dd7a3_0.png,AEJ353
crops/train_87ecace247_0.png,LRG7450
crops/train_87edede3c6_0.png,MN952
crops/train_88142fd6f0_0.png,AFJ200
crops/train_882f2b96af_0.png,MN3215
crops/train_88336e8958_0.png,AHT889
crops/train_883bdf24a5_0.png,LET2817
crops/train_887afacd6b_0.png,BEA324
crops/train_888dc7732a_0.png,AEJ353
crops/train_889663ae62_0.png,MNF602
crops/train_889a221a9d_0.png,AKN029
crops/train_889d1bcd3c_0.png,MN2714
crops/train_88b93474ee_0.png,BBP664
crops/train_8974754554_0.png,LE1309
crops/train_8979476e20_0.png,MND464
crops/train_898c15821f_0.png,OK035
crops/train_89945e1cb3_0.png,LEB4910
crops/train_89d208a812_0.png,AUH808
crops/train_89d862464d_0.png,LE1309
crops/train_8a026fcbdf_0.png,AHT889
crops/train_8a0c48071a_0.png,LEE3987
crops/train_8b255370e5_0.png,LED7305
crops/train_8b40d8f4d8_0.png,BEA324
crops/train_8b4253ad5d_0.png,LEH3291
crops/train_8b974b3e94_0.png,AEK623
crops/train_8bec49bce4_0.png,LE3161
crops/train_8c7fb4bac9_0.png,BBP664
crops/train_8cbd2cb754_0.png,ABQ048
crops/train_8cceb27ea5_0.png,AHT889
crops/train_8cf2a6ef42_0.png,LEA7047
crops/train_8d1235b41c_0.png,BEA324
crops/train_8d9b633644_0.png,AHQ397
crops/train_8dca3433e3_0.png,BZD756
crops/train_8ef4dec541_1.png,MNA2993
crops/train_8f731a637f_0.png,AEK623
crops/train_8f9474adcc_0.png,QK035
crops/train_912fed580c_0.png,AGK713
crops/train_91d9b0abd3_0.png,ACZ853
crops/train_91d9fb1fd2_0.png,BZD756
crops/train_921c6e7210_0.png,MN3746
crops/train_927cfba341_0.png,LWQ6266
crops/train_928b83e976_0.png,QK035
crops/train_933d6397bd_0.png,AEK623
crops/train_93548fb91a_0.png,MN856
crops/train_93554f07ef_0.png,BFX019
crops/train_9364f32132_0.png,LE1309
crops/train_93ac02d7ca_0.png,BBP664
crops/train_93bbc133db_0.png,ABQ048
crops/train_941e7c00cd_0.png,AHQ397
crops/train_94517047dd_0.png,AFJ200
crops/train_949fa3dc44_0.png,BEA324
crops/train_94b21abb02_0.png,LEH1659
crops/train_94dd498f24_0.png,BFX019
crops/train_94f2920b71_0.png,LWQ6266
crops/train_9518faaa01_0.png,MNA1554
crops/train_9524fe1934_0.png,SLF9899
crops/train_952767099c_0.png,BZD756
crops/train_956d89bf77_0.png,AEK623
crops/train_95bbb0e5ed_0.png,ABQ048
crops/train_95e5001c6e_0.png,LEA9300
crops/train_95efbb31eb_0.png,RIS1119
crops/train_9615d31c54_0.png,BCX567
crops/train_9615d4402c_0.png,LXR8545
crops/train_963125f7a9_0.png,LEE3987
crops/train_9675823568_0.png,AFJ200
crops/train_96ddd5accd_0.png,ABQ048
crops/train_9705988ea2_0.png,MN4524
crops/train_9716dbec20_0.png,LEH3291
crops/train_971c35cf70_0.png,LEC917
crops/train_9733a0723b_0.png,MNC732
crops/train_9790d9a142_0.png,AFJ200
crops/train_97de9779df_0.png,BFX019
crops/train_97f3ae7eea_0.png,LEA7047
crops/train_9801e2850e_0.png,BBA969
crops/train_982a3f34c3_0.png,AHT889
crops/train_9883b74f52_0.png,BZD756
crops/train_98c876945f_0.png,ACZ853
crops/train_98ce6333f2_0.png,AKN029
crops/train_98f08369c1_0.png,RLD2654
crops/train_98fe58b41b_0.png,LEF8778
crops/train_9901262337_0.png,BSJ143
crops/train_9916d3df15_0.png,AHQ397
crops/train_992a5b5d21_0.png,RNN3063
crops/train_99db596e63_0.png,BZD756
crops/train_99e05e260d_0.png,AHQ397
crops/train_99e2040e0e_0.png,AGK713
crops/train_9a1d33f5d6_0.png,BFX019
crops/train_9a4e7cf6af_0.png,MNA2993
crops/train_9a4ee3961a_0.png,AHT889
crops/train_9a58c418bc_0.png,MND357
crops/train_9a7961edd5_0.png,AFJ200
crops/train_9a79d8b981_0.png,AEJ353
crops/train_9acba41e79_0.png,QK035
crops/train_9ad441b47b_0.png,MN1719
crops/train_9b7617d3a9_0.png,LWQ6266
crops/train_9b869ad353_0.png,RN119
crops/train_9b91806326_0.png,MNX645
crops/train_9bce5de478_0.png,LEH1659
crops/train_9be7efe3a5_0.png,BBA969
crops/train_9c071d62c8_0.png,LWQ6266
crops/train_9c147e338b_0.png,LEF8778
crops/train_9c2cf9d8bd_0.png,AUH808
crops/train_9c73382a5d_0.png,ABQ048
crops/train_9c86f5f00a_0.png,AGK713
crops/train_9c8d44c019_0.png,BSJ143
crops/train_9cd06f36fb_0.png,BEA324
crops/train_9d4bcd5ced_0.png,BEA324
crops/train_9d516f422c_0.png,AGK713
crops/train_9dc3e7ced3_0.png,LWQ6266
crops/train_9e2b0545d0_0.png,BZD756
crops/train_9e6ec1b670_0.png,LEC1729
crops/train_9f3d514a61_0.png,AHT889
crops/train_9fe2141723_0.png,BBA969
crops/train_9ff45372e8_0.png,RN119
crops/train_a02d438ec2_0.png,QK035
crops/train_a0aa42ce8f_0.png,AVK062
crops/train_a0adb1cee7_0.png,ABQ048
crops/train_a0aed76304_0.png,AEK623
crops/train_a0d8997dd6_0.png,BBP664
crops/train_a17a3c2ee6_0.png,MND486
crops/train_a1cbe23e61_0.png,BFX019
crops/train_a2a91e11e1_0.png,BSJ143
crops/train_a2cb8a5f81_0.png,AFJ200
crops/train_a2d26d3fe8_0.png,ABQ048
crops/train_a35038e64f_0.png,LED1607
crops/train_a3505bc195_0.png,AUH808
crops/train_a3523e4ee9_0.png,MLC135
crops/train_a361940bcd_0.png,AHQ397
crops/train_a36f206e2b_0.png,AAB924
crops/train_a39e823a5c_0.png,AEK623
crops/train_a3df48eddc_0.png,AUH808
crops/train_a4071dad28_0.png,RN119
crops/train_a48e719269_0.png,BBA969
crops/train_a517de3d79_0.png,AEJ353
crops/train_a51993b6a9_0.png,BFX019
crops/train_a519977090_0.png,AEK623
crops/train_a5b083d9da_0.png,LE1309
crops/train_a5c2c711de_0.png,AKN029
crops/train_a5f148333f_0.png,ABQ048
crops/train_a5fe8e36f5_0.png,LEF3503
crops/train_a637527b7a_0.png,LEE5559
crops/train_a65065b1c3_0.png,BZD756
crops/train_a688f8fd7b_0.png,LE1309
crops/train_a6d5563e11_0.png,BZD756
crops/train_a718546093_0.png,LEH1659
crops/train_a72c0e2b69_0.png,AKN029
crops/train_a75ec9becd_0.png,AEK623
crops/train_a793e22e30_0.png,LEA7047
crops/train_a7bb772f48_0.png,LWQ6266
crops/train_a7c2e4bc3c_0.png,ARG071
crops/train_a84eae1ae1_0.png,LEE3987
crops/train_a8d9393bf7_0.png,AEJ353
crops/train_a8e521cdc2_0.png,ARG071
crops/train_a8fdd26cf4_0.png,AUH808
crops/train_a92c111d6f_0.png,MNL2657
crops/train_a9442e81ca_0.png,AGK713
crops/train_a94c8c7b28_0.png,BEA324
crops/train_a95fc672fa_0.png,LEH1659
crops/train_a96ae39362_0.png,AGK713
crops/train_a9b052b864_0.png,ABQ048
crops/train_a9e4014dc2_0.png,MNA877
crops/train_a9eff5674a_0.png,BBA969
crops/train_aa6ea88d83_0.png,LEH3291
crops/train_aa960b1b7b_0.png,MND690
crops/train_aabba09729_0.png,LRV8227
crops/train_aac3d37b0e_0.png,MN3746
crops/train_aada22f0dc_0.png,LE4697A
crops/train_ab221c7a34_0.png,LET2817
crops/train_ab750a50c4_0.png,JGL2195
crops/train_abe2837826_0.png,AHT889
crops/train_ac1456f58a_0.png,LEH3291
crops/train_ac690b051a_0.png,QK035
crops/train_ac89a8efb4_0.png,LRR6650
crops/train_ac9e6c20b6_0.png,AEK623
crops/train_acb71fbb88_0.png,MNA486
crops/train_acd4108677_0.png,AEJ353
crops/train_ad25dfde9e_0.png,LEA7047
crops/train_ad2d658a50_0.png,LEH1659
crops/train_ad6b704161_0.png,LEC5112
crops/train_ad971166d3_0.png,AHQ397
crops/train_adbced4d47_0.png,AEA591
crops/train_adeae2c443_0.png,LEA2363
crops/train_ae235d349b_0.png,AEJ353
crops/train_ae4816990d_0.png,LEC3740
crops/train_af0a7e4b55_0.png,AHT889
crops/train_af65cdbc0d_0.png,AKN029
crops/train_af906ad45b_0.png,LE1309
crops/train_af983d75ac_0.png,BSJ143
crops/train_afdc57b01e_0.png,BBP664
crops/train_afdd00d265_0.png,BSJ143
crops/train_b00f9256bc_0.png,AKN029
crops/train_b03d1f6f6f_0.png,LEF8778
crops/train_b0c1fce741_0.png,ABQ048
crops/train_b0c6ea7ec2_0.png,AHQ397
crops/train_b0c9ac1e11_0.png,BEA324
crops/train_b10f67d3af_0.png,LEF8778
crops/train_b165b6d9ad_0.png,LEE3987
crops/train_b19d69b5fb_0.png,ABQ048
crops/train_b20726ca63_0.png,LEF1406
crops/train_b231510ae5_0.png,LEF8778
crops/train_b242da97b7_0.png,LEE3987
crops/train_b257da7ca0_0.png,AHT889
crops/train_b259115973_0.png,AUH808
crops/train_b27a49dda8_0.png,LEF8778
crops/train_b27cc43d81_0.png,LEC5104
crops/train_b292c7b6ce_0.png,MNA2632
crops/train_b3135653cd_0.png,BBA969
crops/train_b317a1d2b2_0.png,MND690
crops/train_b36ea58fa4_0.png,LEE3987
crops/train_b3937d8025_0.png,MN2714
crops/train_b3b0fc6b8e_0.png,LED4509
crops/train_b3ca5e8a9c_0.png,LWK5850
crops/train_b453cb4ffa_0.png,BBP664
crops/train_b459993b06_0.png,MND325
crops/train_b473c8bf4c_0.png,ABQ048
crops/train_b474ef42b9_0.png,ACZ853
crops/train_b47d98aa36_0.png,LEA7047
crops/train_b480d1c7aa_0.png,BBA969
crops/train_b4a36a6d12_0.png,AEK623
crops/train_b4a5078397_0.png,MNA4779
crops/train_b4ad21eddc_0.png,BSJ143
crops/train_b4cfc73eab_0.png,AJR386
crops/train_b4d7d43ee7_0.png,AFJ200
crops/train_b53dfe2812_0.png,BBP664
crops/train_b54180e51a_0.png,LED5620
crops/train_b594b43c96_0.png,LEA7047
crops/train_b6388d41d6_0.png,MNS2838
crops/train_b66e1174b7_0.png,MNA2206
crops/train_b689191213_0.png,BBA969
crops/train_b6cef0e65f_0.png,LEF8778
crops/train_b6f9318335_0.png,LEE3987
crops/train_b7707db147_0.png,AEK623
crops/train_b82b5bc4fb_0.png,AEJ353
crops/train_b8321594f0_0.png,AGK713
crops/train_b8381cb295_0.png,MNA486
crops/train_b850b8ac9c_0.png,BSJ143
crops/train_b8982247f1_0.png,CT3173
crops/train_b8bbeae166_0.png,LEE3987
crops/train_b8c92b5e23_0.png,AGK713
crops/train_b8fc7ffac4_0.png,LEF8778
crops/train_b907800a7e_0.png,AHQ397
crops/train_b97e6b4afc_0.png,BSJ143
crops/train_b9b0ce6bbc_0.png,AEK623
crops/train_ba034445d1_0.png,IDD7627
crops/train_ba45e5d548_0.png,MNC515
crops/train_ba7d556d29_0.png,BSJ143
crops/train_ba843d6a33_0.png,BZD756
crops/train_bac67650e2_0.png,RN119
crops/train_bb36710b19_0.png,MNA5007
crops/train_bb390fcf1e_0.png,BDY760
crops/train_bb3e5ae9a4_0.png,ACZ853
crops/train_bb87f0c29b_0.png,ABQ048
crops/train_bb919559a6_0.png,MN3074
crops/train_bb9c071d09_0.png,BZD756
crops/train_bbac03f392_0.png,RN119
crops/train_bca73de7c6_0.png,AUH808
crops/train_bcd834bc8c_0.png,BZD756
crops/train_bce82c5448_0.png,ABQ048
crops/train_bd097fd270_0.png,AEJ353
crops/train_bd45fed944_0.png,LE5529
crops/train_bd64854349_0.png,AFJ200
crops/train_bd7263a617_0.png,ABQ048
crops/train_bd80262f87_0.png,LEH3291
crops/train_bda2a313c6_0.png,AUH808
crops/train_bde2e4b8bc_0.png,AFJ200
crops/train_bdf3b2b2ec_0.png,MN5125
crops/train_be1608ee05_0.png,AEK623
crops/train_be2f9d0a94_0.png,BBA969
crops/train_be3d76783b_0.png,ADS654
crops/train_be83fcab6c_0.png,LWC4148
crops/train_be9f580310_0.png,BFX019
crops/train_bed61c7e53_0.png,MNE884
crops/train_bed7d5170c_0.png,BFX019
crops/train_bf48473afd_0.png,AKN029
crops/train_bfc123ff2b_0.png,BBA969
crops/train_bfe955ae6e_0.png,GAZ4205
crops/train_c015db99e1_0.png,AEJ353
crops/train_c0294240cb_0.png,BSJ143
crops/train_c03705d74a_0.png,AAB924
crops/train_c0aef4b77e_0.png,MND357
crops/train_c0c6366c66_0.png,LEH1659
crops/train_c0e4b3f5da_0.png,BSJ143
crops/train_c1124f5a95_0.png,AHQ397
crops/train_c13a84ea0c_0.png,ASR931
crops/train_c14d52b8a2_0.png,LEE3085
crops/train_c1541dd748_0.png,RIS1198
crops/train_c21ee8fb76_0.png,BEA324
crops/train_c2494f8f68_0.png,AUH808
crops/train_c266962ee2_0.png,LWQ6266
crops/train_c271cd11a2_0.png,BBP664
crops/train_c2a3d7d874_0.png,BSJ143
crops/train_c2ce584304_0.png,AEJ353
crops/train_c39002ffc9_0.png,AEJ353
crops/train_c3c91b300c_0.png,LWK5850
crops/train_c426e800c9_0.png,AHQ397
crops/train_c4635668a2_0.png,QK035
crops/train_c4a44c496f_0.png,LEC1487
crops/train_c4d8215bcf_0.png,LRQ8247
crops/train_c4f56c3ffd_0.png,BCX567
crops/train_c58dc0329a_0.png,LWQ6266
crops/train_c5b3ea648e_0.png,RN119
crops/train_c5c1e3d219_0.png,RN119
crops/train_c5ffc7e406_0.png,LED2236
crops/train_c68d495073_0.png,MND486
crops/train_c69316fdf1_0.png,APT884
crops/train_c6f01dcc2e_0.png,MNZ6161
crops/train_c78a28ad57_0.png,RIS1119
crops/train_c79f61205e_0.png,LEF8778
crops/train_c820cb9680_0.png,AHQ397
crops/train_c831e4bd0c_0.png,LEC3740
crops/train_c83f5b03d3_0.png,LEE3987
crops/train_c869d33fac_0.png,AEJ353
crops/train_c9efaa1f2d_0.png,LEH3291
crops/train_ca486144b0_0.png,LEH1659
crops/train_cafa4766c1_0.png,MNE103
crops/train_cb273c6e5a_0.png,AFJ200
crops/train_cb273c6e5a_1.png,AFJ200
crops/train_cb51db95c1_0.png,LEH1659
crops/train_cb6403fc0b_0.png,BBP664
crops/train_cbb8aa962f_0.png,LEE3987
crops/train_cbc42bed89_0.png,BEA324
crops/train_cbd5d4571b_0.png,LEH1659
crops/train_cbf941cd5c_0.png,BEA324
crops/train_cc04bdc059_0.png,LWQ6266
crops/train_cc1f6a300a_0.png,LWC4148
crops/train_cc44add21f_0.png,MNA2272
crops/train_cc6ab8d3a5_0.png,LEH3291
crops/train_cc717e6c1e_0.png,AMU862
crops/train_cc75beec12_0.png,MN4708
crops/train_cc85907d73_1.png,RIP881
crops/train_ccc5709a37_0.png,QK035
crops/train_ccf6e35d4e_0.png,MNB419
crops/train_cd2c76ff0f_0.png,AUH808
crops/train_cd6a72c707_0.png,LEH3291
crops/train_cd8bc749c7_0.png,LEF8778
crops/train_cdf91e16c1_0.png,MNF811
crops/train_ce045d4348_0.png,LE9088
crops/train_ce472adfd2_0.png,AUH808
crops/train_ce84e4b9ee_0.png,AUH808
crops/train_cf6376275c_0.png,RLD1233
crops/train_cfa4e9c779_0.png,AEJ353
crops/train_cfb871e74c_0.png,BBP664
crops/train_cfc6723ff4_0.png,MND464
crops/train_cff854b3ff_0.png,MN4524
crops/train_d04d97fe7f_0.png,EW080
crops/train_d0a0d9084d_0.png,BEA324
crops/train_d0fc6a58e3_0.png,BFX019
crops/train_d106f1e15a_0.png,AKN029
crops/train_d1492a4422_0.png,BFX019
crops/train_d15541fb36_0.png,ARG071
crops/train_d167c6e498_0.png,LEE5855
crops/train_d1b5fa2e88_0.png,MND357
crops/train_d1fd61cba5_0.png,APT884
crops/train_d1fdcc5ca8_0.png,MND486
crops/train_d209d233ed_0.png,MNL8185
crops/train_d24f3ea572_0.png,LED1003
crops/train_d2681cbd31_0.png,AUH808
crops/train_d27634d631_0.png,AEK623
crops/train_d2aaa802f8_0.png,AUH808
crops/train_d2bc4bc97b_0.png,LEE3987
crops/train_d2fc2fd26d_0.png,LEE3987
crops/train_d3076bdcd5_0.png,BSJ143
crops/train_d35c74c76c_0.png,AEK623
crops/train_d36d3a3a6c_0.png,QK035
crops/train_d439ec0695_0.png,AGK713
crops/train_d48c311e33_0.png,LWQ6266
crops/train_d567963515_0.png,RN119
crops/train_d58d8e6d53_0.png,BZD756
crops/train_d62ea8c84b_0.png,LEH1659
crops/train_d684b8d5a4_0.png,LEC5112
crops/train_d6ab9c3d0e_0.png,TA642
crops/train_d6f94f8fd0_0.png,AEJ353
crops/train_d6fdeae889_0.png,RN119
crops/train_d71b599584_0.png,RN119
crops/train_d71ee4ad64_0.png,LET5280
crops/train_d73942ddef_0.png,AGK713
crops/train_d77a7e4a35_0.png,AGK713
crops/train_d795c2daea_0.png,VU794
crops/train_d7a9c62060_0.png,LEH3291
crops/train_d7d297dd20_0.png,AFJ200
crops/train_d802001851_0.png,LEE5559
crops/train_d809e2c06d_0.png,BEA324
crops/train_d80a36ec5d_0.png,BBP664
crops/train_d85549e377_0.png,AEK623
crops/train_d87885a470_0.png,AHT889
crops/train_d90c1aef84_0.png,LEE3987
crops/train_d939315c69_0.png,LE1309
crops/train_d9509bcf77_0.png,LEE3987
crops/train_d9b4356f83_0.png,MNA2206
crops/train_d9b959a429_0.png,MLH8882
crops/train_d9d75c08dc_0.png,AGK713
crops/train_da0c2355d0_0.png,AHT889
crops/train_da1de5c08e_0.png,BFX019
crops/train_da2f6a24e7_0.png,LEI7431
crops/train_db27d8e0f9_0.png,AEK623
crops/train_db7c02ad39_0.png,BBP664
crops/train_dbd008b11d_0.png,LEE3987
crops/train_dbf330b98f_0.png,BFX019
crops/train_dc1a7a3ed3_0.png,LEE3987
crops/train_dc1c09b97e_0.png,LEB5542
crops/train_dc21057cad_0.png,AUH808
crops/train_dc3a2a1088_0.png,LEF8778
crops/train_dcc5adca53_0.png,LEA1856
crops/train_dcc9d77c57_0.png,QK035
crops/train_dd0ae02420_0.png,ABQ048
crops/train_dd11230f66_0.png,AEW731
crops/train_dd2cf349f6_0.png,BBA969
crops/train_dd5545a4ab_0.png,QK035
crops/train_ddbeac25e9_0.png,BBP664
crops/train_ddd806ed42_0.png,LEE3987
crops/train_ddfc30a915_0.png,LEC6608
crops/train_de0e2ae570_0.png,RIP6437
crops/train_de12fe773f_0.png,LEB4910
crops/train_de35f5f6cc_0.png,LEE5855
crops/train_de4e6be426_0.png,ABQ048
crops/train_de59d4c6f3_0.png,AGK713
crops/train_dea14fb031_0.png,RLD2654
crops/train_dec3d9d9a4_0.png,AGK713
crops/train_dfc039ef02_0.png,MN1719
crops/train_e072c2ea4b_0.png,MND357
crops/train_e07a5186fc_0.png,LEF8778
crops/train_e0f67495ae_0.png,AFB769
crops/train_e18b322458_0.png,AHQ397
crops/train_e19e794d3c_0.png,BBA969
crops/train_e1c526bcd8_0.png,MNA3415
crops/train_e1e1aeec3c_0.png,AUH808
crops/train_e1ea1b07ea_0.png,MLC135
crops/train_e1fc1de39a_0.png,LEA4119
crops/train_e221664172_0.png,LEA7047
crops/train_e22d459e91_0.png,AKN029
crops/train_e27a07a7a8_0.png,AFJ200
crops/train_e28c61d64d_0.png,AGK713
crops/train_e2e34a9fa3_0.png,AGK713
crops/train_e31207dc8d_0.png,AUH808
crops/train_e329b2a66a_0.png,BFX019
crops/train_e342aa2b00_0.png,LD296
crops/train_e35bba6eee_0.png,ARD270
crops/train_e363655110_0.png,BBA969
crops/train_e37bd023bd_0.png,AEK623
crops/train_e38f0665e4_0.png,AHT889
crops/train_e403f24f88_0.png,BEA324
crops/train_e40495325f_0.png,BEA324
crops/train_e45383c196_0.png,LEB3766
crops/train_e4baa34bce_0.png,LEC1132
crops/train_e4c5ff5250_0.png,AEK623
crops/train_e4d1a5aaea_0.png,LEB3277
crops/train_e4e95c527c_0.png,BZD756
crops/train_e5038bd354_0.png,LEH3291
crops/train_e507c6672b_0.png,AEK623
crops/train_e50e506103_0.png,AEJ353
crops/train_e52fa192c0_0.png,LWQ6266
crops/train_e5685c262d_0.png,LWQ6266
crops/train_e5b394b8a6_0.png,SLF7464
crops/train_e5b95d36a9_0.png,BZD756
crops/train_e64d9e2c17_0.png,ABQ048
crops/train_e657ba98bb_0.png,IDJ3032
crops/train_e70be6d909_0.png,LWQ6266
crops/train_e734c55b88_0.png,LEB1194
crops/train_e7d362e9bc_0.png,ABQ048
crops/train_e83c143e70_0.png,LEE3987
crops/train_e8828f5531_0.png,ABQ048
crops/train_e93ac224c6_0.png,MN1719
crops/train_e9c11b7bcd_0.png,VU794
crops/train_ea142bd4fc_0.png,AUH808
crops/train_ea39aeb88d_0.png,MN952
crops/train_ea53162979_0.png,AHT889
crops/train_ea8abd3697_0.png,BSJ143
crops/train_eb59e717d5_0.png,AUH808
crops/train_eb8725c4ac_0.png,AUH808
crops/train_eb92a7e489_0.png,SLF9899
crops/train_eb96dcb646_0.png,LEH3291
crops/train_ebc2bece10_0.png,AHQ397
crops/train_ec153141e5_0.png,LE1051
crops/train_ec19e54d1e_0.png,MNE103
crops/train_ec3e04f62a_0.png,BEA324
crops/train_ec43f48cc2_0.png,AHQ397
crops/train_ec6048d3e6_0.png,LEH1659
crops/train_eccc655c43_0.png,LWQ6266
crops/train_ecf83ce4f3_0.png,BBA969
crops/train_ed3149f7f1_0.png,BSJ143
crops/train_ed472a2e93_0.png,LEF8778
crops/train_eda689b2af_0.png,MND464
crops/train_ee186fcc0a_0.png,LWQ6266
crops/train_ee23c85179_0.png,BRS1500
crops/train_ef1d35764a_0.png,AEJ353
crops/train_efa729f613_0.png,BBA969
crops/train_efb8b8a479_0.png,AUH808
crops/train_efe1b0b10b_0.png,RIP881
crops/train_efe3ad9185_0.png,MNL8185
crops/train_f0432bcfe5_0.png,MNA5007
crops/train_f061f11064_0.png,BEA324
crops/train_f089275b97_0.png,LWQ6266
crops/train_f09dcea00a_0.png,MND486
crops/train_f0b8be5be3_0.png,RN119
crops/train_f0dba0c381_0.png,AHQ397
crops/train_f11e239967_0.png,MN3074
crops/train_f15e62dc1b_0.png,LE1309
crops/train_f21931ecb8_0.png,LEH1659
crops/train_f27ed7ce47_0.png,AKN029
crops/train_f29ecb68ca_0.png,LEH3291
crops/train_f2b99047dd_0.png,BEA324
crops/train_f2f252597e_0.png,LED2112
crops/train_f33d0523de_0.png,AGK713
crops/train_f36cbf8d9f_0.png,BEA324
crops/train_f3ab153770_0.png,IDJ3032
crops/train_f4097f3f6d_0.png,LEH8519
crops/train_f42a33c7e7_0.png,AHQ397
crops/train_f45625a856_0.png,RN119
crops/train_f473ef260b_0.png,LEE3987
crops/train_f4818173f6_0.png,MNP239
crops/train_f52105291e_0.png,LEB3277
crops/train_f563d8b00f_0.png,MN2615
crops/train_f5b2aa2a46_0.png,LEH8519
crops/train_f5d0c890e2_0.png,BSJ143
crops/train_f5eceea93b_0.png,ABQ048
crops/train_f645284a39_0.png,BRA195
crops/train_f64e269995_0.png,BAL874
crops/train_f676a03c94_0.png,AHQ397
crops/train_f72b39d6b4_0.png,ABQ048
crops/train_f730044fa9_0.png,LEA7047
crops/train_f740ce952f_0.png,RN119
crops/train_f7f176b3a4_0.png,AEW731
crops/train_f80eb19b98_0.png,BBP664
crops/train_f8704c272f_0.png,LEA7047
crops/train_f881d95501_0.png,LET2817
crops/train_f8a97c5f85_0.png,BBP664
crops/train_f8b00dfac6_0.png,MNB393
crops/train_f8bb109b42_0.png,LEH1659
crops/train_f9feb57b17_0.png,LE1309
crops/train_fa314c18c9_0.png,LED2112
crops/train_fa31508162_0.png,LEE3987
crops/train_fab4f65ccd_0.png,LEB1194
crops/train_fb3376762c_0.png,RN119
crops/train_fbd4560368_0.png,QK035
crops/train_fc05f3f6c2_0.png,LE1309
crops/train_fc08201d89_0.png,LE1309
crops/train_fc1e0349ce_0.png,LEE3987
crops/train_fc2d1ef18f_0.png,AWM072
crops/train_fc2fc62ea8_0.png,LE9088
crops/train_fc320214dc_0.png,LEE3987
crops/train_fc66c47fd3_0.png,AEK623
crops/train_fcd426d3ac_0.png,AFJ200
crops/train_fdf0c535fb_0.png,LEE3987
crops/train_fe5afed364_0.png,AFJ200
crops/train_fee49ec3e1_0.png,AGK713
crops/train_fef226b081_0.png,AAZ800
crops/train_ff32627636_0.png,BSJ143
crops/train_ff53c94313_0.png,AUH808
crops/train_ffd7f1db01_0.png,AKN029
crops/train_ffd94457dd_0.png,LEE9121
crops/val_00642f46b9_0.png,BSJ143
crops/val_02802bb108_0.png,MNP239
crops/val_03515cb6c7_0.png,AYT517
crops/val_037fc08460_0.png,AZF292
crops/val_040d220810_0.png,APT884
crops/val_06348bd895_0.png,ABQ048
crops/val_0b758eb6ca_0.png,LEE3987
crops/val_0c5025673a_0.png,BBA969
crops/val_0f1298d549_0.png,AEJ353
crops/val_105accc8df_0.png,QK035
crops/val_111725674e_0.png,BBP664
crops/val_156341f9ef_0.png,LEH3291
crops/val_183b405431_0.png,BEA324
crops/val_1af097fad0_0.png,BBA969
crops/val_1b1d3b2324_0.png,QK035
crops/val_1b73eac9ec_0.png,LRG7450
crops/val_1b78330a3e_0.png,AEJ353
crops/val_1c34a98b8c_0.png,BBP664
crops/val_1cd7f165f7_0.png,AUH808
crops/val_1e1b7b1ce4_0.png,BFX019
crops/val_1f8036ed5a_0.png,IDJ3032
crops/val_20386183c4_0.png,LEF8778
crops/val_2284e23711_0.png,BBP664
crops/val_2aab507ea4_0.png,LEH3291
crops/val_2d868ceb2d_0.png,BFX019
crops/val_2e185ca567_0.png,LE4207
crops/val_309affdb1d_0.png,AV705
crops/val_341f7c6a53_0.png,ACC074
crops/val_3434c16e6a_0.png,MN3101
crops/val_35ddeec248_0.png,LWQ6266
crops/val_365ce8e0da_0.png,LEF8778
crops/val_3986bc9dd3_0.png,LEF8778
crops/val_3c3057eab8_0.png,BZD756
crops/val_4043d96ab6_0.png,LEE3987
crops/val_425079d1f8_0.png,BEA324
crops/val_43f2ecd3ff_0.png,BFX019
crops/val_46ed314b80_0.png,BEA324
crops/val_484d06026e_0.png,BEA324
crops/val_4943673a9c_0.png,LEH1659
crops/val_499f2f016d_0.png,ABQ048
crops/val_4aa46180cd_0.png,LEF8778
crops/val_50b8e039f3_0.png,RNA1919
crops/val_527885c42a_0.png,AHT889
crops/val_5337f3a41e_0.png,LEE3987
crops/val_543d49d5d6_0.png,AHQ397
crops/val_55c517859a_0.png,MNA2421
crops/val_55fa1b7387_0.png,ADB154
crops/val_574a3e08c0_0.png,AAW430
crops/val_57f0a3e19a_0.png,BFX019
crops/val_593ff89d73_0.png,MNA6335
crops/val_59b8f8cefb_0.png,LEH1659
crops/val_5aa6144547_0.png,AAW430
crops/val_5b1c06745d_0.png,BEA324
crops/val_5c91a5eacc_0.png,AFJ200
crops/val_5d525bcc53_0.png,MNA2632
crops/val_5d627b4002_0.png,LWQ6266
crops/val_5e10685b37_0.png,MNA5999
crops/val_60f56b548f_0.png,BSJ143
crops/val_618c8cb058_1.png,AAZ800
crops/val_692e1d35d0_0.png,LEA1856
crops/val_6966c5bcf3_0.png,BBP664
crops/val_6c6b6b06d2_0.png,AUH808
crops/val_6e2bc05cc1_0.png,RN119
crops/val_6ee11f581d_0.png,AEV628
crops/val_6eeaed0ccb_0.png,LEA5219
crops/val_6fccf02508_0.png,RN119
crops/val_724343a9e8_0.png,AKN029
crops/val_724cc7aa9b_0.png,LE1309
crops/val_75ae5c829d_0.png,LE1309
crops/val_7810826521_0.png,MK419
crops/val_7a3068b1a0_0.png,LET1313
crops/val_7a656f4b34_0.png,LEA5770
crops/val_7badb90264_0.png,RN119
crops/val_7d5d0e2f1a_0.png,BFX019
crops/val_81080ef42a_0.png,BFX019
crops/val_81a9e7c04c_0.png,LE4697A
crops/val_824527c69b_0.png,MN952
crops/val_82618e6663_0.png,LEE3987
crops/val_84affaffe2_0.png,BBP664
crops/val_858cc4706c_0.png,BEA324
crops/val_871a20725f_0.png,LEH1659
crops/val_8745157719_0.png,BRS1500
crops/val_8b3d6ae5e2_0.png,BZD756
crops/val_90215376da_0.png,BZD756
crops/val_903b30a45d_0.png,AHQ397
crops/val_90f503f7a8_0.png,AFJ200
crops/val_92200b4eb7_0.png,BEA324
crops/val_92f53f9943_0.png,MN5125
crops/val_974440323c_0.png,AFJ200
crops/val_980e320880_0.png,AFJ200
crops/val_9a0d85af32_0.png,BZD756
crops/val_9b1088f249_0.png,LEH3291
crops/val_9b488b7f49_0.png,AEJ353
crops/val_9bbb2381f5_0.png,AKN029
crops/val_9cdbcbb981_0.png,LEA361
crops/val_9d08ae6fbb_0.png,BFX019
crops/val_9f99404db3_0.png,LEF8778
crops/val_a0e26ed699_0.png,BBP664
crops/val_a1a998e730_0.png,RN119
crops/val_aa14632fbd_0.png,LWQ6266
crops/val_ad0d75fa4a_0.png,BEA324
crops/val_ad242ec93d_0.png,LE1309
crops/val_ad24758f60_0.png,LXR8545
crops/val_b0a9c9e964_0.png,AYT517
crops/val_b232b7418a_0.png,RN119
crops/val_b4ddce0d98_0.png,MNA6400
crops/val_b521f490fb_0.png,RIS1491
crops/val_b53a72a416_0.png,LEC6608
crops/val_b5f93945a8_0.png,BEA324
crops/val_b60e48fc22_0.png,AHQ397
crops/val_b68f54c73c_0.png,AFJ200
crops/val_b722d75538_0.png,BZD756
crops/val_b73e908590_0.png,AKN029
crops/val_b776d02ae6_0.png,LEC3393
crops/val_b790ede294_0.png,LWQ6266
crops/val_b94a80d7cc_0.png,AUH808
crops/val_ba02d8d53d_0.png,LEA2363
crops/val_baf30ce97b_0.png,AEJ353
crops/val_beaddb48c2_0.png,IDD4311
crops/val_bf036b9b49_0.png,RNE5556
crops/val_bf100eb9a8_0.png,MLH8882
crops/val_c0d856237e_0.png,MN1821
crops/val_c25fed015c_0.png,BZD756
crops/val_c5aaab058f_0.png,AHQ397
crops/val_c734cc4668_0.png,LEH3291
crops/val_c7fa76ff68_0.png,MN1719
crops/val_c83b958567_1.png,AHT889
crops/val_c8b785eb90_0.png,LZ4897
crops/val_c90ae42e10_0.png,QK035
crops/val_c9a9e9242a_0.png,ABQ048
crops/val_c9e619b009_0.png,LEA7047
crops/val_ccbd03b7ab_0.png,LEI9945
crops/val_cdeb6dd817_0.png,GAM1605
crops/val_cebb379ae9_0.png,BBA969
crops/val_cfef5d5bbd_0.png,LEF1406
crops/val_d06f4a68ee_0.png,SLF7464
crops/val_d1643658a7_0.png,LEI9945
crops/val_d2b01ca781_0.png,LEJ1637
crops/val_d36b217e66_0.png,LEC917
crops/val_d7689d2f8c_0.png,SY076
crops/val_d8f43aad90_0.png,AHT889
crops/val_d8f43aad90_1.png,AHT889
crops/val_d9e398a3d7_0.png,LEE3987
crops/val_da8c986ba6_0.png,MNA2206
crops/val_dd397fefa8_0.png,BBA969
crops/val_de4939199c_0.png,LEE6690
crops/val_deb6cfa584_0.png,EF562
crops/val_dfcfef741d_0.png,AEJ353
crops/val_e0bb11342c_0.png,MLL9177
crops/val_e3f070c4c4_0.png,AEJ353
crops/val_e6e00bf517_0.png,AEK623
crops/val_e7ad9e39b7_0.png,BBP664
crops/val_e869a65064_0.png,AEV628
crops/val_edcfdb2b6c_0.png,AFJ200
crops/val_f459ffdd24_0.png,LEH1659
crops/val_f5568bdc83_0.png,LEF8778
crops/val_f66e0a3db4_0.png,LEB4524
crops/val_f6dacde1b5_0.png,MN385
crops/val_f782b2f656_0.png,AHQ397
crops/val_f79fa5164a_0.png,BSJ143
crops/val_f8a456eadd_0.png,ABQ048
crops/val_fa7c79c952_0.png,AEJ353
crops/val_fd08d5a726_0.png,AFJ200
crops/val_fff1098a20_0.png,MNA3675
